session_id,label,seq
1159,0,RRC_CONN_REQ RRC_CONN_SETUP RRC_CONN_SETUP_CMP RRC_UL_INFO_NAS EMM_ATTACH_REQ SHT0_PLAIN RRC_DL_INFO_NAS EMM_IDENTITY_REQ EMM_IDENTITY_RES EMM_AUTH_REQ EMM_AUTH_RES RRC_SEC_MODE_CMD EMM_SMC EMM_SMC_CMP RRC_SEC_MODE_CMP SHT4_NEWCTX EMM_ESM_INFO_REQ EMM_ESM_INFO_RES SHT2_CIPHERED EMM_ATTACH_ACCEPT EMM_ATTACH_CMP
1552,0,RRC_CONN_REQ RRC_CONN_SETUP RRC_CONN_SETUP_CMP RRC_UL_INFO_NAS EMM_ATTACH_REQ SHT0_PLAIN RRC_DL_INFO_NAS EMM_IDENTITY_REQ EMM_IDENTITY_RES EMM_AUTH_REQ EMM_AUTH_RES RRC_SEC_MODE_CMD EMM_SMC EMM_SMC_CMP RRC_SEC_MODE_CMP SHT4_NEWCTX EMM_ESM_INFO_REQ EMM_ESM_INFO_RES SHT2_CIPHERED EMM_ATTACH_ACCEPT EMM_ATTACH_CMP
1497,0,RRC_CONN_REQ RRC_CONN_SETUP RRC_CONN_SETUP_CMP RRC_UL_INFO_NAS EMM_ATTACH_REQ SHT0_PLAIN RRC_DL_INFO_NAS EMM_IDENTITY_REQ EMM_IDENTITY_RES EMM_AUTH_REQ EMM_AUTH_RES RRC_SEC_MODE_CMD EMM_SMC EMM_SMC_CMP RRC_SEC_MODE_CMP SHT4_NEWCTX EMM_ESM_INFO_REQ EMM_ESM_INFO_RES SHT2_CIPHERED EMM_ATTACH_ACCEPT EMM_ATTACH_CMP
2359,0,RRC_CONN_REQ RRC_CONN_SETUP RRC_CONN_SETUP_CMP RRC_UL_INFO_NAS EMM_ATTACH_REQ SHT0_PLAIN RRC_DL_INFO_NAS EMM_IDENTITY_REQ EMM_IDENTITY_RES EMM_AUTH_REQ EMM_AUTH_RES RRC_SEC_MODE_CMD EMM_SMC EMM_SMC_CMP RRC_SEC_MODE_CMP SHT4_NEWCTX RF_TAC_CHANGE EMM_ESM_INFO_REQ EMM_ESM_INFO_RES SHT2_CIPHERED EMM_ATTACH_ACCEPT EMM_ATTACH_CMP
1307,0,RRC_CONN_REQ RRC_CONN_SETUP RRC_CONN_SETUP_CMP RRC_UL_INFO_NAS EMM_ATTACH_REQ SHT0_PLAIN RRC_DL_INFO_NAS EMM_IDENTITY_REQ EMM_IDENTITY_RES EMM_AUTH_REQ EMM_AUTH_RES RRC_SEC_MODE_CMD EMM_SMC EMM_SMC_CMP RRC_SEC_MODE_CMP SHT4_NEWCTX EMM_ESM_INFO_REQ EMM_ESM_INFO_RES SHT2_CIPHERED EMM_ATTACH_ACCEPT EMM_ATTACH_CMP
1558,0,RRC_CONN_REQ RRC_CONN_SETUP RRC_CONN_SETUP_CMP RRC_UL_INFO_NAS EMM_ATTACH_REQ SHT0_PLAIN RRC_DL_INFO_NAS EMM_IDENTITY_REQ EMM_IDENTITY_RES EMM_AUTH_REQ EMM_AUTH_RES RRC_SEC_MODE_CMD EMM_SMC EMM_SMC_CMP RRC_SEC_MODE_CMP SHT4_NEWCTX EMM_ESM_INFO_REQ EMM_ESM_INFO_RES SHT2_CIPHERED EMM_ATTACH_ACCEPT EMM_ATTACH_CMP
586,0,RRC_CONN_REQ RRC_CONN_SETUP RRC_CONN_SETUP_CMP RRC_UL_INFO_NAS RF_TAC_CHANGE EMM_ATTACH_REQ SHT0_PLAIN RRC_DL_INFO_NAS EMM_IDENTITY_REQ EMM_IDENTITY_RES EMM_AUTH_REQ EMM_AUTH_RES RRC_SEC_MODE_CMD EMM_SMC EMM_SMC_CMP RRC_SEC_MODE_CMP SHT4_NEWCTX EMM_ESM_INFO_REQ SHT2_CIPHERED EMM_ATTACH_ACCEPT EMM_ATTACH_CMP
1767,0,RRC_CONN_REQ RRC_CONN_SETUP RRC_CONN_SETUP_CMP RRC_UL_INFO_NAS EMM_ATTACH_REQ SHT0_PLAIN RRC_DL_INFO_NAS EMM_IDENTITY_REQ EMM_IDENTITY_RES EMM_AUTH_REQ EMM_AUTH_RES EMM_SMC EMM_SMC_CMP RRC_SEC_MODE_CMP SHT4_NEWCTX EMM_ESM_INFO_REQ EMM_ESM_INFO_RES SHT2_CIPHERED EMM_ATTACH_ACCEPT EMM_ATTACH_CMP
2026,0,RRC_CONN_REQ RRC_CONN_SETUP RRC_CONN_SETUP_CMP RRC_UL_INFO_NAS EMM_ATTACH_REQ SHT0_PLAIN RRC_DL_INFO_NAS EMM_IDENTITY_REQ EMM_IDENTITY_RES EMM_AUTH_REQ EMM_AUTH_RES RRC_SEC_MODE_CMD EMM_SMC EMM_SMC_CMP RRC_SEC_MODE_CMP SHT4_NEWCTX EMM_ESM_INFO_REQ EMM_ESM_INFO_RES SHT2_CIPHERED EMM_ATTACH_ACCEPT EMM_ATTACH_CMP
644,0,RRC_CONN_REQ RRC_CONN_SETUP RRC_CONN_SETUP_CMP RRC_UL_INFO_NAS EMM_ATTACH_REQ SHT0_PLAIN RRC_DL_INFO_NAS EMM_IDENTITY_REQ EMM_IDENTITY_RES EMM_AUTH_REQ EMM_AUTH_RES RRC_SEC_MODE_CMD EMM_SMC RF_TAC_CHANGE EMM_SMC_CMP RRC_SEC_MODE_CMP EMM_ESM_INFO_REQ EMM_ESM_INFO_RES SHT2_CIPHERED EMM_ATTACH_ACCEPT EMM_ATTACH_CMP
1056,0,RRC_CONN_REQ RRC_CONN_SETUP RRC_CONN_SETUP_CMP RRC_UL_INFO_NAS EMM_ATTACH_REQ SHT0_PLAIN RRC_DL_INFO_NAS EMM_IDENTITY_REQ EMM_IDENTITY_RES EMM_AUTH_REQ EMM_AUTH_RES RRC_SEC_MODE_CMD EMM_SMC EMM_SMC_CMP RRC_SEC_MODE_CMP SHT4_NEWCTX EMM_ESM_INFO_REQ EMM_ESM_INFO_RES SHT2_CIPHERED EMM_ATTACH_ACCEPT EMM_ATTACH_CMP
656,0,RRC_CONN_REQ RRC_CONN_SETUP RRC_CONN_SETUP_CMP RRC_UL_INFO_NAS EMM_ATTACH_REQ SHT0_PLAIN RRC_DL_INFO_NAS EMM_IDENTITY_REQ EMM_AUTH_REQ EMM_AUTH_RES RRC_SEC_MODE_CMD EMM_SMC EMM_SMC_CMP RRC_SEC_MODE_CMP SHT4_NEWCTX EMM_ESM_INFO_REQ EMM_ESM_INFO_RES SHT2_CIPHERED EMM_ATTACH_ACCEPT EMM_ATTACH_CMP
2459,0,RRC_CONN_REQ RRC_CONN_SETUP RRC_CONN_SETUP_CMP RRC_UL_INFO_NAS EMM_ATTACH_REQ SHT0_PLAIN RRC_DL_INFO_NAS EMM_IDENTITY_REQ EMM_IDENTITY_RES EMM_AUTH_REQ EMM_AUTH_RES RRC_SEC_MODE_CMD EMM_SMC EMM_SMC_CMP RRC_SEC_MODE_CMP SHT4_NEWCTX EMM_ESM_INFO_REQ EMM_ESM_INFO_RES SHT2_CIPHERED EMM_ATTACH_ACCEPT EMM_ATTACH_CMP
2192,0,RRC_CONN_REQ RRC_CONN_SETUP RRC_CONN_SETUP_CMP RRC_UL_INFO_NAS EMM_ATTACH_REQ SHT0_PLAIN RRC_DL_INFO_NAS RF_REFPOWER_HIGH EMM_IDENTITY_REQ EMM_IDENTITY_RES RRC_SEC_MODE_CMD EMM_SMC_NULL EMM_SMC_CMP SHT0_PLAIN EMM_ATTACH_ACCEPT
526,0,RRC_CONN_REQ RRC_CONN_SETUP RRC_CONN_SETUP_CMP RRC_UL_INFO_NAS EMM_ATTACH_REQ SHT0_PLAIN RRC_DL_INFO_NAS EMM_IDENTITY_REQ EMM_IDENTITY_RES EMM_AUTH_REQ EMM_AUTH_RES RRC_SEC_MODE_CMD EMM_SMC EMM_SMC_CMP RRC_SEC_MODE_CMP SHT4_NEWCTX EMM_ESM_INFO_REQ EMM_ESM_INFO_RES SHT2_CIPHERED EMM_ATTACH_ACCEPT EMM_ATTACH_CMP
2210,0,RRC_CONN_REQ RRC_CONN_SETUP RRC_CONN_SETUP_CMP RRC_UL_INFO_NAS EMM_ATTACH_REQ SHT0_PLAIN RRC_DL_INFO_NAS EMM_IDENTITY_REQ EMM_IDENTITY_RES EMM_AUTH_REQ EMM_AUTH_RES RRC_SEC_MODE_CMD EMM_SMC EMM_SMC_CMP RRC_SEC_MODE_CMP SHT4_NEWCTX EMM_ESM_INFO_REQ EMM_ESM_INFO_RES SHT2_CIPHERED EMM_ATTACH_ACCEPT EMM_ATTACH_CMP
1237,0,RRC_CONN_REQ RRC_CONN_SETUP RRC_CONN_SETUP_CMP RF_TAC_CHANGE RRC_UL_INFO_NAS EMM_ATTACH_REQ SHT0_PLAIN RRC_DL_INFO_NAS EMM_IDENTITY_REQ EMM_IDENTITY_RES EMM_AUTH_REQ EMM_AUTH_RES RRC_SEC_MODE_CMD EMM_SMC EMM_SMC_CMP RRC_SEC_MODE_CMP SHT4_NEWCTX EMM_ESM_INFO_REQ EMM_ESM_INFO_RES SHT2_CIPHERED EMM_ATTACH_ACCEPT EMM_ATTACH_CMP
1304,0,RRC_CONN_REQ RRC_CONN_SETUP RRC_CONN_SETUP_CMP RRC_UL_INFO_NAS EMM_ATTACH_REQ SHT0_PLAIN RRC_DL_INFO_NAS EMM_IDENTITY_REQ EMM_IDENTITY_RES EMM_AUTH_REQ EMM_AUTH_RES RRC_SEC_MODE_CMD EMM_SMC EMM_SMC_CMP RRC_SEC_MODE_CMP SHT4_NEWCTX EMM_ESM_INFO_REQ EMM_ESM_INFO_RES SHT2_CIPHERED EMM_ATTACH_ACCEPT EMM_ATTACH_CMP
550,0,RRC_CONN_REQ RRC_CONN_SETUP RRC_CONN_SETUP_CMP RRC_UL_INFO_NAS EMM_ATTACH_REQ SHT0_PLAIN RRC_DL_INFO_NAS EMM_IDENTITY_REQ EMM_IDENTITY_RES EMM_AUTH_REQ EMM_AUTH_RES RRC_SEC_MODE_CMD EMM_SMC EMM_SMC_CMP RRC_SEC_MODE_CMP SHT4_NEWCTX EMM_ESM_INFO_REQ EMM_ESM_INFO_RES SHT2_CIPHERED EMM_ATTACH_ACCEPT EMM_ATTACH_CMP
1567,0,RRC_CONN_REQ RRC_CONN_SETUP RRC_CONN_SETUP_CMP RRC_UL_INFO_NAS SHT0_PLAIN RRC_DL_INFO_NAS EMM_IDENTITY_REQ EMM_IDENTITY_RES EMM_AUTH_REQ EMM_AUTH_RES RRC_SEC_MODE_CMD EMM_SMC EMM_SMC_CMP RRC_SEC_MODE_CMP SHT4_NEWCTX EMM_ESM_INFO_REQ EMM_ESM_INFO_RES SHT2_CIPHERED EMM_ATTACH_ACCEPT EMM_ATTACH_CMP
2481,0,RRC_CONN_REQ RRC_CONN_SETUP RRC_CONN_SETUP_CMP RRC_UL_INFO_NAS EMM_ATTACH_REQ SHT0_PLAIN RRC_DL_INFO_NAS EMM_IDENTITY_REQ EMM_IDENTITY_RES EMM_AUTH_REQ EMM_AUTH_RES RRC_SEC_MODE_CMD EMM_SMC EMM_SMC_CMP RRC_SEC_MODE_CMP SHT4_NEWCTX EMM_ESM_INFO_REQ EMM_ESM_INFO_RES SHT2_CIPHERED EMM_ATTACH_ACCEPT EMM_ATTACH_CMP
538,0,RRC_CONN_REQ RRC_CONN_SETUP RRC_CONN_SETUP_CMP RRC_UL_INFO_NAS EMM_ATTACH_REQ SHT0_PLAIN RRC_DL_INFO_NAS EMM_IDENTITY_REQ EMM_IDENTITY_RES EMM_AUTH_REQ EMM_AUTH_RES RRC_SEC_MODE_CMD EMM_SMC EMM_SMC_CMP RRC_SEC_MODE_CMP SHT4_NEWCTX EMM_ESM_INFO_REQ EMM_ESM_INFO_RES SHT2_CIPHERED EMM_ATTACH_ACCEPT EMM_ATTACH_CMP
832,0,RRC_CONN_REQ RRC_CONN_SETUP RRC_CONN_SETUP_CMP RRC_UL_INFO_NAS EMM_ATTACH_REQ SHT0_PLAIN RRC_DL_INFO_NAS EMM_AUTH_REQ EMM_AUTH_RES RRC_SEC_MODE_CMD EMM_SMC EMM_SMC_CMP RRC_SEC_MODE_CMP SHT4_NEWCTX EMM_ESM_INFO_REQ EMM_ESM_INFO_RES SHT2_CIPHERED EMM_ATTACH_ACCEPT EMM_ATTACH_CMP
1922,0,RRC_CONN_REQ RRC_CONN_SETUP RRC_CONN_SETUP_CMP RRC_UL_INFO_NAS EMM_ATTACH_REQ SHT0_PLAIN RRC_DL_INFO_NAS EMM_IDENTITY_REQ EMM_IDENTITY_RES EMM_AUTH_REQ EMM_AUTH_RES RRC_SEC_MODE_CMD EMM_SMC EMM_SMC_CMP RRC_SEC_MODE_CMP SHT4_NEWCTX EMM_ESM_INFO_REQ EMM_ESM_INFO_RES SHT2_CIPHERED EMM_ATTACH_ACCEPT EMM_ATTACH_CMP
759,0,RRC_CONN_REQ RRC_CONN_SETUP RRC_CONN_SETUP_CMP RRC_UL_INFO_NAS EMM_ATTACH_REQ SHT0_PLAIN RRC_DL_INFO_NAS EMM_IDENTITY_REQ EMM_IDENTITY_RES EMM_AUTH_REQ EMM_AUTH_RES RRC_SEC_MODE_CMD EMM_SMC EMM_SMC_CMP RRC_SEC_MODE_CMP SHT4_NEWCTX EMM_ESM_INFO_REQ EMM_ESM_INFO_RES SHT2_CIPHERED EMM_ATTACH_ACCEPT EMM_ATTACH_CMP
1620,0,RRC_CONN_REQ RRC_CONN_SETUP RRC_CONN_SETUP_CMP RRC_UL_INFO_NAS EMM_ATTACH_REQ SHT0_PLAIN RRC_DL_INFO_NAS EMM_IDENTITY_REQ EMM_IDENTITY_RES EMM_AUTH_REQ EMM_AUTH_RES RRC_SEC_MODE_CMD EMM_SMC EMM_SMC_CMP RRC_SEC_MODE_CMP SHT4_NEWCTX EMM_ESM_INFO_REQ EMM_ESM_INFO_RES SHT2_CIPHERED EMM_ATTACH_ACCEPT EMM_ATTACH_CMP
687,0,RRC_CONN_REQ RRC_CONN_SETUP RRC_CONN_SETUP_CMP RRC_UL_INFO_NAS EMM_ATTACH_REQ SHT0_PLAIN RRC_DL_INFO_NAS EMM_IDENTITY_REQ EMM_IDENTITY_RES EMM_AUTH_REQ EMM_AUTH_RES RRC_SEC_MODE_CMD EMM_SMC EMM_SMC_CMP RRC_SEC_MODE_CMP SHT4_NEWCTX EMM_ESM_INFO_REQ EMM_ESM_INFO_RES SHT2_CIPHERED EMM_ATTACH_ACCEPT EMM_ATTACH_CMP
2044,0,RRC_CONN_REQ RRC_CONN_SETUP RRC_CONN_SETUP_CMP RRC_UL_INFO_NAS EMM_ATTACH_REQ SHT0_PLAIN RRC_DL_INFO_NAS EMM_IDENTITY_REQ EMM_IDENTITY_RES EMM_AUTH_REQ EMM_AUTH_RES RRC_SEC_MODE_CMD EMM_SMC EMM_SMC_CMP RRC_SEC_MODE_CMP SHT4_NEWCTX EMM_ESM_INFO_REQ EMM_ESM_INFO_RES SHT2_CIPHERED EMM_ATTACH_ACCEPT EMM_ATTACH_CMP
2302,0,RRC_CONN_REQ RRC_CONN_SETUP RRC_CONN_SETUP_CMP RRC_UL_INFO_NAS EMM_ATTACH_REQ SHT0_PLAIN RRC_DL_INFO_NAS EMM_IDENTITY_REQ EMM_IDENTITY_RES EMM_AUTH_REQ EMM_AUTH_RES RRC_SEC_MODE_CMD EMM_SMC EMM_SMC_CMP RRC_SEC_MODE_CMP SHT4_NEWCTX EMM_ESM_INFO_REQ EMM_ESM_INFO_RES SHT2_CIPHERED EMM_ATTACH_ACCEPT EMM_ATTACH_CMP
1610,0,RRC_CONN_REQ RRC_CONN_SETUP RRC_CONN_SETUP_CMP RRC_UL_INFO_NAS EMM_ATTACH_REQ SHT0_PLAIN RRC_DL_INFO_NAS EMM_IDENTITY_REQ EMM_IDENTITY_RES EMM_AUTH_REQ EMM_AUTH_RES RRC_SEC_MODE_CMD EMM_SMC EMM_SMC_CMP RRC_SEC_MODE_CMP SHT4_NEWCTX EMM_ESM_INFO_REQ EMM_ESM_INFO_RES SHT2_CIPHERED EMM_ATTACH_ACCEPT EMM_ATTACH_CMP
2020,0,RRC_CONN_REQ RRC_CONN_SETUP RRC_CONN_SETUP_CMP RRC_UL_INFO_NAS EMM_ATTACH_REQ SHT0_PLAIN RRC_DL_INFO_NAS EMM_IDENTITY_REQ EMM_IDENTITY_RES EMM_AUTH_REQ EMM_AUTH_RES RRC_SEC_MODE_CMD EMM_SMC EMM_SMC_CMP RRC_SEC_MODE_CMP SHT4_NEWCTX EMM_ESM_INFO_REQ EMM_ESM_INFO_RES SHT2_CIPHERED EMM_ATTACH_ACCEPT EMM_ATTACH_CMP
1198,0,RRC_CONN_REQ RRC_CONN_SETUP RRC_CONN_SETUP_CMP RF_TAC_CHANGE RRC_UL_INFO_NAS EMM_ATTACH_REQ SHT0_PLAIN RRC_DL_INFO_NAS EMM_IDENTITY_REQ EMM_IDENTITY_RES EMM_AUTH_REQ EMM_AUTH_RES RRC_SEC_MODE_CMD EMM_SMC EMM_SMC_CMP RRC_SEC_MODE_CMP SHT4_NEWCTX EMM_ESM_INFO_REQ EMM_ESM_INFO_RES SHT2_CIPHERED EMM_ATTACH_ACCEPT EMM_ATTACH_CMP
1163,0,RRC_CONN_REQ RRC_CONN_SETUP RRC_CONN_SETUP_CMP RRC_UL_INFO_NAS EMM_ATTACH_REQ SHT0_PLAIN RRC_DL_INFO_NAS EMM_IDENTITY_REQ EMM_IDENTITY_RES EMM_AUTH_REQ RRC_SEC_MODE_CMD EMM_SMC EMM_SMC_CMP RRC_SEC_MODE_CMP SHT4_NEWCTX EMM_ESM_INFO_REQ EMM_ESM_INFO_RES SHT2_CIPHERED EMM_ATTACH_ACCEPT EMM_ATTACH_CMP
1995,0,RRC_CONN_REQ RRC_CONN_SETUP RRC_CONN_SETUP_CMP RRC_UL_INFO_NAS EMM_ATTACH_REQ SHT0_PLAIN RRC_DL_INFO_NAS EMM_IDENTITY_REQ EMM_IDENTITY_RES EMM_AUTH_REQ EMM_AUTH_RES RRC_SEC_MODE_CMD EMM_SMC EMM_SMC_CMP RRC_SEC_MODE_CMP SHT4_NEWCTX EMM_ESM_INFO_REQ EMM_ESM_INFO_RES SHT2_CIPHERED EMM_ATTACH_ACCEPT EMM_ATTACH_CMP
1877,0,RRC_CONN_REQ RRC_CONN_SETUP RRC_CONN_SETUP_CMP RRC_UL_INFO_NAS EMM_ATTACH_REQ SHT0_PLAIN RRC_DL_INFO_NAS EMM_IDENTITY_REQ EMM_IDENTITY_RES EMM_AUTH_RES RRC_SEC_MODE_CMD EMM_SMC EMM_SMC_CMP RRC_SEC_MODE_CMP SHT4_NEWCTX EMM_ESM_INFO_REQ EMM_ESM_INFO_RES SHT2_CIPHERED EMM_ATTACH_ACCEPT EMM_ATTACH_CMP
920,0,RRC_CONN_REQ RRC_CONN_SETUP RRC_CONN_SETUP_CMP RRC_UL_INFO_NAS EMM_ATTACH_REQ SHT0_PLAIN RRC_DL_INFO_NAS EMM_IDENTITY_REQ EMM_IDENTITY_RES EMM_AUTH_REQ EMM_AUTH_RES RRC_SEC_MODE_CMD EMM_SMC EMM_SMC_CMP RRC_SEC_MODE_CMP SHT4_NEWCTX EMM_ESM_INFO_REQ EMM_ESM_INFO_RES SHT2_CIPHERED EMM_ATTACH_ACCEPT EMM_ATTACH_CMP
1489,0,RRC_CONN_REQ RRC_CONN_SETUP RRC_CONN_SETUP_CMP RRC_UL_INFO_NAS EMM_ATTACH_REQ SHT0_PLAIN RRC_DL_INFO_NAS EMM_IDENTITY_REQ EMM_IDENTITY_RES EMM_AUTH_REQ EMM_AUTH_RES RRC_SEC_MODE_CMD EMM_SMC EMM_SMC_CMP RRC_SEC_MODE_CMP SHT4_NEWCTX EMM_ESM_INFO_REQ EMM_ESM_INFO_RES SHT2_CIPHERED EMM_ATTACH_ACCEPT EMM_ATTACH_CMP
1471,0,RRC_CONN_REQ RRC_CONN_SETUP RRC_CONN_SETUP_CMP RRC_UL_INFO_NAS EMM_ATTACH_REQ SHT0_PLAIN RRC_DL_INFO_NAS EMM_AUTH_REQ EMM_AUTH_RES RRC_SEC_MODE_CMD EMM_SMC EMM_SMC_CMP RRC_SEC_MODE_CMP SHT4_NEWCTX EMM_ESM_INFO_REQ EMM_ESM_INFO_RES SHT2_CIPHERED EMM_ATTACH_ACCEPT EMM_ATTACH_CMP
699,0,RRC_CONN_REQ RRC_CONN_SETUP RRC_CONN_SETUP_CMP RRC_UL_INFO_NAS EMM_ATTACH_REQ SHT0_PLAIN RRC_DL_INFO_NAS EMM_IDENTITY_REQ EMM_IDENTITY_RES EMM_AUTH_REQ EMM_AUTH_RES RRC_SEC_MODE_CMD EMM_SMC EMM_SMC_CMP RRC_SEC_MODE_CMP SHT4_NEWCTX EMM_ESM_INFO_REQ EMM_ESM_INFO_RES SHT2_CIPHERED EMM_ATTACH_ACCEPT EMM_ATTACH_CMP
1480,0,RRC_CONN_REQ RRC_CONN_SETUP RRC_CONN_SETUP_CMP RRC_UL_INFO_NAS EMM_ATTACH_REQ SHT0_PLAIN RRC_DL_INFO_NAS EMM_IDENTITY_REQ EMM_IDENTITY_RES EMM_AUTH_REQ EMM_AUTH_RES RRC_SEC_MODE_CMD EMM_SMC EMM_SMC_CMP RRC_SEC_MODE_CMP SHT4_NEWCTX EMM_ESM_INFO_REQ EMM_ESM_INFO_RES SHT2_CIPHERED EMM_ATTACH_ACCEPT EMM_ATTACH_CMP
1774,0,RRC_CONN_REQ RRC_CONN_SETUP RRC_CONN_SETUP_CMP RRC_UL_INFO_NAS EMM_ATTACH_REQ SHT0_PLAIN RRC_DL_INFO_NAS EMM_IDENTITY_REQ EMM_IDENTITY_RES EMM_AUTH_REQ EMM_AUTH_RES RRC_SEC_MODE_CMD EMM_SMC EMM_SMC_CMP RRC_SEC_MODE_CMP SHT4_NEWCTX EMM_ESM_INFO_REQ EMM_ESM_INFO_RES SHT2_CIPHERED EMM_ATTACH_ACCEPT EMM_ATTACH_CMP
696,0,RRC_CONN_REQ RRC_CONN_SETUP RRC_CONN_SETUP_CMP RRC_UL_INFO_NAS EMM_ATTACH_REQ SHT0_PLAIN RRC_DL_INFO_NAS EMM_IDENTITY_REQ EMM_IDENTITY_RES EMM_AUTH_REQ EMM_AUTH_RES RRC_SEC_MODE_CMD EMM_SMC EMM_SMC_CMP RRC_SEC_MODE_CMP SHT4_NEWCTX EMM_ESM_INFO_REQ EMM_ESM_INFO_RES SHT2_CIPHERED EMM_ATTACH_ACCEPT EMM_ATTACH_CMP
1375,0,RRC_CONN_REQ RRC_CONN_SETUP RRC_CONN_SETUP_CMP RRC_UL_INFO_NAS EMM_ATTACH_REQ RRC_DL_INFO_NAS EMM_IDENTITY_REQ EMM_IDENTITY_RES EMM_AUTH_REQ EMM_AUTH_RES RRC_SEC_MODE_CMD EMM_SMC EMM_SMC_CMP RRC_SEC_MODE_CMP SHT4_NEWCTX EMM_ESM_INFO_REQ EMM_ESM_INFO_RES SHT2_CIPHERED EMM_ATTACH_ACCEPT EMM_ATTACH_CMP
1881,0,RRC_CONN_REQ RRC_CONN_SETUP RRC_CONN_SETUP_CMP RRC_UL_INFO_NAS EMM_ATTACH_REQ SHT0_PLAIN RRC_DL_INFO_NAS EMM_IDENTITY_REQ EMM_IDENTITY_RES EMM_AUTH_REQ EMM_AUTH_RES RRC_SEC_MODE_CMD EMM_SMC EMM_SMC_CMP RRC_SEC_MODE_CMP SHT4_NEWCTX EMM_ESM_INFO_REQ EMM_ESM_INFO_RES SHT2_CIPHERED EMM_ATTACH_ACCEPT EMM_ATTACH_CMP
826,0,RRC_CONN_REQ RRC_CONN_SETUP RRC_CONN_SETUP_CMP RRC_UL_INFO_NAS EMM_ATTACH_REQ SHT0_PLAIN RRC_DL_INFO_NAS EMM_IDENTITY_REQ EMM_IDENTITY_RES EMM_AUTH_REQ EMM_AUTH_RES RRC_SEC_MODE_CMD EMM_SMC EMM_SMC_CMP RRC_SEC_MODE_CMP SHT4_NEWCTX EMM_ESM_INFO_REQ EMM_ESM_INFO_RES SHT2_CIPHERED EMM_ATTACH_ACCEPT EMM_ATTACH_CMP
782,0,RRC_CONN_REQ RRC_CONN_SETUP RRC_CONN_SETUP_CMP RRC_UL_INFO_NAS EMM_ATTACH_REQ SHT0_PLAIN RRC_DL_INFO_NAS EMM_IDENTITY_REQ EMM_IDENTITY_RES EMM_AUTH_REQ EMM_AUTH_RES RRC_SEC_MODE_CMD EMM_SMC EMM_SMC_CMP RRC_SEC_MODE_CMP SHT4_NEWCTX EMM_ESM_INFO_REQ EMM_ESM_INFO_RES RF_TAC_CHANGE SHT2_CIPHERED EMM_ATTACH_ACCEPT EMM_ATTACH_CMP
1870,0,RRC_CONN_REQ RRC_CONN_SETUP RRC_CONN_SETUP_CMP RRC_UL_INFO_NAS EMM_ATTACH_REQ SHT0_PLAIN RRC_DL_INFO_NAS EMM_IDENTITY_REQ EMM_IDENTITY_RES EMM_AUTH_REQ EMM_AUTH_RES RRC_SEC_MODE_CMD EMM_SMC EMM_SMC_CMP RRC_SEC_MODE_CMP SHT4_NEWCTX EMM_ESM_INFO_REQ EMM_ESM_INFO_RES SHT2_CIPHERED EMM_ATTACH_ACCEPT EMM_ATTACH_CMP
970,0,RRC_CONN_REQ RRC_CONN_SETUP RRC_CONN_SETUP_CMP RRC_UL_INFO_NAS EMM_ATTACH_REQ SHT0_PLAIN RRC_DL_INFO_NAS EMM_IDENTITY_REQ EMM_IDENTITY_RES EMM_AUTH_REQ EMM_AUTH_RES RRC_SEC_MODE_CMD EMM_SMC EMM_SMC_CMP RRC_SEC_MODE_CMP SHT4_NEWCTX EMM_ESM_INFO_REQ EMM_ESM_INFO_RES SHT2_CIPHERED EMM_ATTACH_ACCEPT EMM_ATTACH_CMP
800,0,RRC_CONN_REQ RRC_CONN_SETUP RRC_CONN_SETUP_CMP RRC_UL_INFO_NAS EMM_ATTACH_REQ SHT0_PLAIN RRC_DL_INFO_NAS EMM_IDENTITY_REQ EMM_IDENTITY_RES EMM_AUTH_REQ EMM_AUTH_RES RRC_SEC_MODE_CMD EMM_SMC EMM_SMC_CMP RRC_SEC_MODE_CMP SHT4_NEWCTX EMM_ESM_INFO_REQ EMM_ESM_INFO_RES SHT2_CIPHERED EMM_ATTACH_ACCEPT EMM_ATTACH_CMP
1351,0,RRC_CONN_REQ RRC_CONN_SETUP RRC_CONN_SETUP_CMP RRC_UL_INFO_NAS EMM_ATTACH_REQ SHT0_PLAIN RRC_DL_INFO_NAS EMM_IDENTITY_REQ EMM_IDENTITY_RES EMM_AUTH_REQ EMM_AUTH_RES RRC_SEC_MODE_CMD EMM_SMC EMM_SMC_CMP RRC_SEC_MODE_CMP SHT4_NEWCTX EMM_ESM_INFO_REQ EMM_ESM_INFO_RES SHT2_CIPHERED EMM_ATTACH_ACCEPT EMM_ATTACH_CMP
2114,0,RRC_CONN_REQ RRC_CONN_SETUP RRC_CONN_SETUP_CMP RRC_UL_INFO_NAS EMM_ATTACH_REQ SHT0_PLAIN RRC_DL_INFO_NAS EMM_IDENTITY_REQ EMM_IDENTITY_RES EMM_AUTH_REQ EMM_AUTH_RES RRC_SEC_MODE_CMD EMM_SMC EMM_SMC_CMP RRC_SEC_MODE_CMP SHT4_NEWCTX EMM_ESM_INFO_REQ EMM_ESM_INFO_RES SHT2_CIPHERED EMM_ATTACH_ACCEPT EMM_ATTACH_CMP
1721,0,RRC_CONN_REQ RRC_CONN_SETUP RRC_CONN_SETUP_CMP RRC_UL_INFO_NAS EMM_ATTACH_REQ SHT0_PLAIN RRC_DL_INFO_NAS EMM_IDENTITY_REQ EMM_IDENTITY_RES EMM_AUTH_REQ EMM_AUTH_RES RRC_SEC_MODE_CMD EMM_SMC EMM_SMC_CMP RRC_SEC_MODE_CMP SHT4_NEWCTX EMM_ESM_INFO_REQ EMM_ESM_INFO_RES SHT2_CIPHERED EMM_ATTACH_ACCEPT EMM_ATTACH_CMP
1475,0,RRC_CONN_REQ RRC_CONN_SETUP RRC_CONN_SETUP_CMP RRC_UL_INFO_NAS EMM_ATTACH_REQ SHT0_PLAIN RRC_DL_INFO_NAS EMM_IDENTITY_REQ EMM_AUTH_REQ EMM_AUTH_RES RRC_SEC_MODE_CMD EMM_SMC EMM_SMC_CMP RRC_SEC_MODE_CMP SHT4_NEWCTX EMM_ESM_INFO_REQ EMM_ESM_INFO_RES SHT2_CIPHERED EMM_ATTACH_ACCEPT EMM_ATTACH_CMP
804,0,RRC_CONN_REQ RRC_CONN_SETUP RRC_CONN_SETUP_CMP RRC_UL_INFO_NAS EMM_ATTACH_REQ SHT0_PLAIN RRC_DL_INFO_NAS EMM_IDENTITY_RES EMM_AUTH_REQ EMM_AUTH_RES RRC_SEC_MODE_CMD EMM_SMC EMM_SMC_CMP RRC_SEC_MODE_CMP SHT4_NEWCTX EMM_ESM_INFO_REQ EMM_ESM_INFO_RES SHT2_CIPHERED EMM_ATTACH_ACCEPT EMM_ATTACH_CMP
1260,0,RRC_CONN_REQ RRC_CONN_SETUP RRC_CONN_SETUP_CMP RRC_UL_INFO_NAS EMM_ATTACH_REQ SHT0_PLAIN RRC_DL_INFO_NAS RF_REFPOWER_HIGH RF_TAC_CHANGE EMM_IDENTITY_REQ EMM_IDENTITY_RES EMM_IDENTITY_REQ EMM_IDENTITY_RES EMM_SMC EMM_SMC_CMP SHT0_PLAIN EMM_ATTACH_ACCEPT
1641,0,RRC_CONN_REQ RRC_CONN_SETUP RRC_CONN_SETUP_CMP RRC_UL_INFO_NAS EMM_ATTACH_REQ SHT0_PLAIN RRC_DL_INFO_NAS EMM_IDENTITY_REQ EMM_IDENTITY_RES EMM_AUTH_RES RRC_SEC_MODE_CMD EMM_SMC EMM_SMC_CMP RRC_SEC_MODE_CMP SHT4_NEWCTX EMM_ESM_INFO_REQ EMM_ESM_INFO_RES SHT2_CIPHERED EMM_ATTACH_ACCEPT EMM_ATTACH_CMP
2106,0,RRC_CONN_REQ RRC_CONN_SETUP RRC_CONN_SETUP_CMP RRC_UL_INFO_NAS EMM_ATTACH_REQ SHT0_PLAIN RRC_DL_INFO_NAS EMM_IDENTITY_REQ EMM_IDENTITY_RES EMM_AUTH_REQ EMM_AUTH_RES RRC_SEC_MODE_CMD EMM_SMC EMM_SMC_CMP RRC_SEC_MODE_CMP SHT4_NEWCTX EMM_ESM_INFO_REQ EMM_ESM_INFO_RES SHT2_CIPHERED EMM_ATTACH_ACCEPT EMM_ATTACH_CMP
670,0,RRC_CONN_REQ RRC_CONN_SETUP RRC_CONN_SETUP_CMP RRC_UL_INFO_NAS EMM_ATTACH_REQ SHT0_PLAIN RRC_DL_INFO_NAS EMM_IDENTITY_REQ EMM_IDENTITY_RES EMM_AUTH_REQ EMM_AUTH_RES RRC_SEC_MODE_CMD EMM_SMC EMM_SMC_CMP RRC_SEC_MODE_CMP SHT4_NEWCTX EMM_ESM_INFO_REQ EMM_ESM_INFO_RES SHT2_CIPHERED EMM_ATTACH_ACCEPT EMM_ATTACH_CMP
790,0,RRC_CONN_REQ RRC_CONN_SETUP RRC_CONN_SETUP_CMP RRC_UL_INFO_NAS EMM_ATTACH_REQ SHT0_PLAIN RRC_DL_INFO_NAS EMM_IDENTITY_REQ EMM_IDENTITY_RES EMM_AUTH_REQ EMM_AUTH_RES RRC_SEC_MODE_CMD EMM_SMC EMM_SMC_CMP RRC_SEC_MODE_CMP SHT4_NEWCTX EMM_ESM_INFO_REQ EMM_ESM_INFO_RES SHT2_CIPHERED EMM_ATTACH_ACCEPT EMM_ATTACH_CMP
2497,0,RRC_CONN_REQ RRC_CONN_SETUP RRC_CONN_SETUP_CMP RRC_UL_INFO_NAS EMM_ATTACH_REQ SHT0_PLAIN RRC_DL_INFO_NAS EMM_IDENTITY_REQ EMM_IDENTITY_RES EMM_AUTH_RES RRC_SEC_MODE_CMD EMM_SMC EMM_SMC_CMP RRC_SEC_MODE_CMP SHT4_NEWCTX EMM_ESM_INFO_REQ EMM_ESM_INFO_RES SHT2_CIPHERED EMM_ATTACH_ACCEPT EMM_ATTACH_CMP
2436,0,RRC_CONN_REQ RRC_CONN_SETUP RRC_CONN_SETUP_CMP RRC_UL_INFO_NAS EMM_ATTACH_REQ SHT0_PLAIN RRC_DL_INFO_NAS EMM_IDENTITY_REQ EMM_IDENTITY_RES EMM_AUTH_REQ EMM_AUTH_RES RRC_SEC_MODE_CMD EMM_SMC EMM_SMC_CMP RRC_SEC_MODE_CMP SHT4_NEWCTX EMM_ESM_INFO_REQ EMM_ESM_INFO_RES SHT2_CIPHERED EMM_ATTACH_ACCEPT EMM_ATTACH_CMP
1088,0,RRC_CONN_REQ RRC_CONN_SETUP RRC_CONN_SETUP_CMP RRC_UL_INFO_NAS EMM_ATTACH_REQ SHT0_PLAIN RRC_DL_INFO_NAS EMM_IDENTITY_REQ EMM_IDENTITY_RES EMM_AUTH_REQ EMM_AUTH_RES RRC_SEC_MODE_CMD EMM_SMC EMM_SMC_CMP RRC_SEC_MODE_CMP SHT4_NEWCTX EMM_ESM_INFO_REQ EMM_ESM_INFO_RES SHT2_CIPHERED EMM_ATTACH_ACCEPT EMM_ATTACH_CMP
1143,0,RRC_CONN_REQ RRC_CONN_SETUP RRC_CONN_SETUP_CMP RRC_UL_INFO_NAS EMM_ATTACH_REQ SHT0_PLAIN RRC_DL_INFO_NAS EMM_IDENTITY_REQ EMM_IDENTITY_RES EMM_AUTH_REQ EMM_AUTH_RES RRC_SEC_MODE_CMD EMM_SMC EMM_SMC_CMP RRC_SEC_MODE_CMP SHT4_NEWCTX EMM_ESM_INFO_REQ EMM_ESM_INFO_RES SHT2_CIPHERED EMM_ATTACH_ACCEPT EMM_ATTACH_CMP
1940,0,RRC_CONN_REQ RRC_CONN_SETUP RRC_CONN_SETUP_CMP RRC_UL_INFO_NAS EMM_ATTACH_REQ SHT0_PLAIN RRC_DL_INFO_NAS EMM_IDENTITY_REQ EMM_AUTH_REQ EMM_AUTH_RES RRC_SEC_MODE_CMD EMM_SMC EMM_SMC_CMP RRC_SEC_MODE_CMP SHT4_NEWCTX EMM_ESM_INFO_REQ EMM_ESM_INFO_RES SHT2_CIPHERED EMM_ATTACH_ACCEPT EMM_ATTACH_CMP
531,0,RRC_CONN_REQ RRC_CONN_SETUP RRC_CONN_SETUP_CMP EMM_ATTACH_REQ SHT0_PLAIN RRC_DL_INFO_NAS EMM_IDENTITY_REQ EMM_IDENTITY_RES EMM_AUTH_REQ EMM_AUTH_RES RRC_SEC_MODE_CMD EMM_SMC EMM_SMC_CMP RF_TAC_CHANGE RRC_SEC_MODE_CMP SHT4_NEWCTX EMM_ESM_INFO_REQ EMM_ESM_INFO_RES SHT2_CIPHERED EMM_ATTACH_ACCEPT EMM_ATTACH_CMP
1217,0,RRC_CONN_REQ RRC_CONN_SETUP RRC_CONN_SETUP_CMP RRC_UL_INFO_NAS EMM_ATTACH_REQ SHT0_PLAIN RRC_DL_INFO_NAS EMM_IDENTITY_REQ EMM_IDENTITY_RES EMM_AUTH_REQ EMM_AUTH_RES RRC_SEC_MODE_CMD EMM_SMC EMM_SMC_CMP RRC_SEC_MODE_CMP SHT4_NEWCTX EMM_ESM_INFO_REQ EMM_ESM_INFO_RES SHT2_CIPHERED EMM_ATTACH_ACCEPT EMM_ATTACH_CMP
979,0,RRC_CONN_REQ RRC_CONN_SETUP RRC_CONN_SETUP_CMP RRC_UL_INFO_NAS SHT0_PLAIN RRC_DL_INFO_NAS RF_REFPOWER_HIGH EMM_IDENTITY_REQ EMM_IDENTITY_RES RRC_SEC_MODE_CMD EMM_SMC_NULL EMM_SMC_CMP SHT0_PLAIN EMM_ATTACH_ACCEPT EMM_ATTACH_CMP
1311,0,RRC_CONN_REQ RRC_CONN_SETUP RRC_CONN_SETUP_CMP RRC_UL_INFO_NAS EMM_ATTACH_REQ SHT0_PLAIN RRC_DL_INFO_NAS EMM_IDENTITY_REQ EMM_IDENTITY_RES EMM_AUTH_REQ EMM_AUTH_RES RRC_SEC_MODE_CMD EMM_SMC EMM_SMC_CMP RRC_SEC_MODE_CMP SHT4_NEWCTX EMM_ESM_INFO_REQ EMM_ESM_INFO_RES SHT2_CIPHERED EMM_ATTACH_ACCEPT EMM_ATTACH_CMP
1334,0,RRC_CONN_REQ RRC_CONN_SETUP RRC_CONN_SETUP_CMP RRC_UL_INFO_NAS EMM_ATTACH_REQ SHT0_PLAIN RRC_DL_INFO_NAS EMM_IDENTITY_REQ EMM_IDENTITY_RES EMM_AUTH_REQ EMM_AUTH_RES RRC_SEC_MODE_CMD EMM_SMC EMM_SMC_CMP RRC_SEC_MODE_CMP SHT4_NEWCTX EMM_ESM_INFO_REQ EMM_ESM_INFO_RES SHT2_CIPHERED EMM_ATTACH_CMP
541,0,RRC_CONN_REQ RRC_CONN_SETUP RRC_CONN_SETUP_CMP RRC_UL_INFO_NAS EMM_ATTACH_REQ SHT0_PLAIN RRC_DL_INFO_NAS EMM_IDENTITY_REQ EMM_IDENTITY_RES EMM_AUTH_REQ EMM_AUTH_RES RRC_SEC_MODE_CMD EMM_SMC EMM_SMC_CMP SHT4_NEWCTX EMM_ESM_INFO_REQ EMM_ESM_INFO_RES SHT2_CIPHERED EMM_ATTACH_ACCEPT EMM_ATTACH_CMP
1045,0,RRC_CONN_REQ RRC_CONN_SETUP RRC_CONN_SETUP_CMP RRC_UL_INFO_NAS SHT0_PLAIN RRC_DL_INFO_NAS EMM_IDENTITY_REQ EMM_IDENTITY_RES EMM_AUTH_REQ EMM_AUTH_RES RRC_SEC_MODE_CMD EMM_SMC EMM_SMC_CMP RRC_SEC_MODE_CMP SHT4_NEWCTX EMM_ESM_INFO_REQ EMM_ESM_INFO_RES SHT2_CIPHERED EMM_ATTACH_ACCEPT EMM_ATTACH_CMP
1786,0,RRC_CONN_REQ RRC_CONN_SETUP RRC_CONN_SETUP_CMP RRC_UL_INFO_NAS EMM_ATTACH_REQ SHT0_PLAIN RRC_DL_INFO_NAS EMM_IDENTITY_REQ EMM_IDENTITY_RES EMM_AUTH_REQ EMM_AUTH_RES RRC_SEC_MODE_CMD EMM_SMC EMM_SMC_CMP RRC_SEC_MODE_CMP SHT4_NEWCTX EMM_ESM_INFO_REQ EMM_ESM_INFO_RES SHT2_CIPHERED EMM_ATTACH_ACCEPT EMM_ATTACH_CMP
1602,0,RRC_CONN_REQ RRC_CONN_SETUP RRC_CONN_SETUP_CMP RRC_UL_INFO_NAS EMM_ATTACH_REQ SHT0_PLAIN RRC_DL_INFO_NAS EMM_IDENTITY_REQ EMM_IDENTITY_RES EMM_AUTH_REQ EMM_AUTH_RES RRC_SEC_MODE_CMD EMM_SMC EMM_SMC_CMP RRC_SEC_MODE_CMP SHT4_NEWCTX EMM_ESM_INFO_REQ EMM_ESM_INFO_RES SHT2_CIPHERED EMM_ATTACH_ACCEPT EMM_ATTACH_CMP
1886,0,RRC_CONN_REQ RRC_CONN_SETUP RRC_CONN_SETUP_CMP RRC_UL_INFO_NAS EMM_ATTACH_REQ SHT0_PLAIN RRC_DL_INFO_NAS EMM_IDENTITY_REQ EMM_IDENTITY_RES EMM_AUTH_REQ EMM_AUTH_RES RRC_SEC_MODE_CMD EMM_SMC EMM_SMC_CMP RRC_SEC_MODE_CMP SHT4_NEWCTX EMM_ESM_INFO_REQ EMM_ESM_INFO_RES SHT2_CIPHERED EMM_ATTACH_ACCEPT EMM_ATTACH_CMP
1994,0,RRC_CONN_REQ RRC_CONN_SETUP RRC_CONN_SETUP_CMP RRC_UL_INFO_NAS EMM_ATTACH_REQ SHT0_PLAIN RRC_DL_INFO_NAS EMM_AUTH_REQ EMM_AUTH_RES RRC_SEC_MODE_CMD EMM_SMC_CMP RRC_SEC_MODE_CMP SHT4_NEWCTX EMM_ESM_INFO_REQ EMM_ESM_INFO_RES SHT2_CIPHERED EMM_ATTACH_ACCEPT EMM_ATTACH_CMP
1252,0,RRC_CONN_REQ RRC_CONN_SETUP RRC_CONN_SETUP_CMP RRC_UL_INFO_NAS EMM_ATTACH_REQ SHT0_PLAIN RRC_DL_INFO_NAS EMM_IDENTITY_REQ EMM_IDENTITY_RES EMM_AUTH_REQ EMM_AUTH_RES RRC_SEC_MODE_CMD EMM_SMC EMM_SMC_CMP RRC_SEC_MODE_CMP SHT4_NEWCTX EMM_ESM_INFO_REQ EMM_ESM_INFO_RES SHT2_CIPHERED EMM_ATTACH_ACCEPT EMM_ATTACH_CMP
1170,0,RRC_CONN_REQ RRC_CONN_SETUP RRC_CONN_SETUP_CMP RRC_UL_INFO_NAS EMM_ATTACH_REQ SHT0_PLAIN RRC_DL_INFO_NAS EMM_IDENTITY_REQ EMM_IDENTITY_RES EMM_AUTH_REQ EMM_AUTH_RES RRC_SEC_MODE_CMD EMM_SMC EMM_SMC_CMP RRC_SEC_MODE_CMP SHT4_NEWCTX EMM_ESM_INFO_REQ EMM_ESM_INFO_RES SHT2_CIPHERED EMM_ATTACH_ACCEPT EMM_ATTACH_CMP
1044,0,RRC_CONN_REQ RRC_CONN_SETUP RRC_CONN_SETUP_CMP RRC_UL_INFO_NAS EMM_ATTACH_REQ SHT0_PLAIN RRC_DL_INFO_NAS EMM_AUTH_REQ EMM_AUTH_RES RRC_SEC_MODE_CMD EMM_SMC EMM_SMC_CMP RRC_SEC_MODE_CMP SHT4_NEWCTX EMM_ESM_INFO_REQ EMM_ESM_INFO_RES SHT2_CIPHERED EMM_ATTACH_ACCEPT EMM_ATTACH_CMP
684,0,RRC_CONN_REQ RRC_CONN_SETUP RRC_CONN_SETUP_CMP RRC_UL_INFO_NAS EMM_ATTACH_REQ SHT0_PLAIN RRC_DL_INFO_NAS EMM_AUTH_REQ EMM_AUTH_RES RRC_SEC_MODE_CMD EMM_SMC EMM_SMC_CMP RRC_SEC_MODE_CMP SHT4_NEWCTX RF_TAC_CHANGE EMM_ESM_INFO_REQ EMM_ESM_INFO_RES SHT2_CIPHERED EMM_ATTACH_ACCEPT EMM_ATTACH_CMP
753,0,RRC_CONN_REQ RRC_CONN_SETUP RRC_CONN_SETUP_CMP RRC_UL_INFO_NAS EMM_ATTACH_REQ SHT0_PLAIN RRC_DL_INFO_NAS EMM_IDENTITY_REQ EMM_IDENTITY_RES EMM_AUTH_REQ EMM_AUTH_RES RRC_SEC_MODE_CMD EMM_SMC EMM_SMC_CMP RRC_SEC_MODE_CMP SHT4_NEWCTX EMM_ESM_INFO_REQ EMM_ESM_INFO_RES SHT2_CIPHERED EMM_ATTACH_ACCEPT EMM_ATTACH_CMP
1108,0,RRC_CONN_REQ RRC_CONN_SETUP RRC_CONN_SETUP_CMP RRC_UL_INFO_NAS EMM_ATTACH_REQ SHT0_PLAIN RRC_DL_INFO_NAS EMM_IDENTITY_REQ EMM_IDENTITY_RES EMM_AUTH_REQ EMM_AUTH_RES RRC_SEC_MODE_CMD EMM_SMC EMM_SMC_CMP RRC_SEC_MODE_CMP SHT4_NEWCTX EMM_ESM_INFO_REQ EMM_ESM_INFO_RES SHT2_CIPHERED EMM_ATTACH_ACCEPT EMM_ATTACH_CMP
1962,0,RRC_CONN_REQ RRC_CONN_SETUP RRC_CONN_SETUP_CMP RRC_UL_INFO_NAS EMM_ATTACH_REQ SHT0_PLAIN RRC_DL_INFO_NAS EMM_IDENTITY_REQ EMM_IDENTITY_RES EMM_AUTH_REQ EMM_AUTH_RES RRC_SEC_MODE_CMD EMM_SMC EMM_SMC_CMP RRC_SEC_MODE_CMP SHT4_NEWCTX EMM_ESM_INFO_REQ EMM_ESM_INFO_RES SHT2_CIPHERED EMM_ATTACH_ACCEPT EMM_ATTACH_CMP
2173,0,RRC_CONN_REQ RRC_CONN_SETUP RRC_CONN_SETUP_CMP RRC_UL_INFO_NAS EMM_ATTACH_REQ SHT0_PLAIN RRC_DL_INFO_NAS EMM_IDENTITY_REQ EMM_IDENTITY_RES EMM_AUTH_REQ EMM_AUTH_RES RRC_SEC_MODE_CMD EMM_SMC EMM_SMC_CMP RRC_SEC_MODE_CMP SHT4_NEWCTX EMM_ESM_INFO_REQ EMM_ESM_INFO_RES SHT2_CIPHERED EMM_ATTACH_ACCEPT EMM_ATTACH_CMP
1405,0,RRC_CONN_REQ RRC_CONN_SETUP RRC_CONN_SETUP_CMP RRC_UL_INFO_NAS EMM_ATTACH_REQ SHT0_PLAIN RRC_DL_INFO_NAS EMM_IDENTITY_REQ EMM_IDENTITY_RES EMM_AUTH_REQ EMM_AUTH_RES RRC_SEC_MODE_CMD EMM_SMC EMM_SMC_CMP RRC_SEC_MODE_CMP SHT4_NEWCTX EMM_ESM_INFO_REQ EMM_ESM_INFO_RES SHT2_CIPHERED EMM_ATTACH_ACCEPT EMM_ATTACH_CMP
652,0,RRC_CONN_REQ RRC_CONN_SETUP RRC_CONN_SETUP_CMP RRC_UL_INFO_NAS EMM_ATTACH_REQ SHT0_PLAIN RRC_DL_INFO_NAS EMM_IDENTITY_REQ EMM_IDENTITY_RES EMM_AUTH_REQ EMM_AUTH_RES RRC_SEC_MODE_CMD EMM_SMC EMM_SMC_CMP RRC_SEC_MODE_CMP SHT4_NEWCTX EMM_ESM_INFO_REQ EMM_ESM_INFO_RES SHT2_CIPHERED EMM_ATTACH_ACCEPT EMM_ATTACH_CMP
1628,0,RRC_CONN_REQ RRC_CONN_SETUP RRC_CONN_SETUP_CMP RRC_UL_INFO_NAS EMM_ATTACH_REQ SHT0_PLAIN RRC_DL_INFO_NAS EMM_IDENTITY_REQ EMM_IDENTITY_RES EMM_AUTH_REQ EMM_AUTH_RES RRC_SEC_MODE_CMD EMM_SMC EMM_SMC_CMP RRC_SEC_MODE_CMP SHT4_NEWCTX EMM_ESM_INFO_REQ EMM_ESM_INFO_RES SHT2_CIPHERED EMM_ATTACH_ACCEPT EMM_ATTACH_CMP
1242,0,RRC_CONN_REQ RRC_CONN_SETUP RRC_CONN_SETUP_CMP RRC_UL_INFO_NAS EMM_ATTACH_REQ SHT0_PLAIN RRC_DL_INFO_NAS EMM_IDENTITY_REQ EMM_IDENTITY_RES EMM_AUTH_REQ EMM_AUTH_RES RRC_SEC_MODE_CMD EMM_SMC EMM_SMC_CMP RRC_SEC_MODE_CMP SHT4_NEWCTX EMM_ESM_INFO_REQ EMM_ESM_INFO_RES SHT2_CIPHERED EMM_ATTACH_ACCEPT EMM_ATTACH_CMP
1976,0,RRC_CONN_REQ RRC_CONN_SETUP RRC_CONN_SETUP_CMP RRC_UL_INFO_NAS EMM_ATTACH_REQ SHT0_PLAIN RRC_DL_INFO_NAS EMM_AUTH_REQ EMM_AUTH_RES RRC_SEC_MODE_CMD EMM_SMC EMM_SMC_CMP RRC_SEC_MODE_CMP SHT4_NEWCTX EMM_ESM_INFO_REQ EMM_ESM_INFO_RES SHT2_CIPHERED EMM_ATTACH_ACCEPT EMM_ATTACH_CMP
1541,0,RRC_CONN_REQ RRC_CONN_SETUP RRC_CONN_SETUP_CMP RRC_UL_INFO_NAS EMM_ATTACH_REQ SHT0_PLAIN RRC_DL_INFO_NAS EMM_IDENTITY_REQ EMM_IDENTITY_RES EMM_AUTH_REQ EMM_AUTH_RES RRC_SEC_MODE_CMD EMM_SMC EMM_SMC_CMP RRC_SEC_MODE_CMP SHT4_NEWCTX EMM_ESM_INFO_REQ EMM_ESM_INFO_RES SHT2_CIPHERED EMM_ATTACH_ACCEPT EMM_ATTACH_CMP
1452,0,RRC_CONN_REQ RRC_CONN_SETUP RRC_CONN_SETUP_CMP RRC_UL_INFO_NAS EMM_ATTACH_REQ SHT0_PLAIN RRC_DL_INFO_NAS EMM_AUTH_REQ EMM_AUTH_RES RRC_SEC_MODE_CMD EMM_SMC EMM_SMC_CMP RRC_SEC_MODE_CMP SHT4_NEWCTX EMM_ESM_INFO_REQ EMM_ESM_INFO_RES SHT2_CIPHERED EMM_ATTACH_ACCEPT EMM_ATTACH_CMP
1537,0,RRC_CONN_REQ RRC_CONN_SETUP RRC_CONN_SETUP_CMP RRC_UL_INFO_NAS EMM_ATTACH_REQ SHT0_PLAIN RRC_DL_INFO_NAS EMM_IDENTITY_REQ EMM_IDENTITY_RES EMM_AUTH_REQ EMM_AUTH_RES RRC_SEC_MODE_CMD EMM_SMC EMM_SMC_CMP RRC_SEC_MODE_CMP SHT4_NEWCTX EMM_ESM_INFO_REQ EMM_ESM_INFO_RES SHT2_CIPHERED EMM_ATTACH_ACCEPT EMM_ATTACH_CMP
1359,0,RRC_CONN_REQ RRC_CONN_SETUP RRC_CONN_SETUP_CMP RRC_UL_INFO_NAS EMM_ATTACH_REQ SHT0_PLAIN RRC_DL_INFO_NAS EMM_IDENTITY_REQ EMM_IDENTITY_RES EMM_AUTH_REQ EMM_AUTH_RES RRC_SEC_MODE_CMD EMM_SMC EMM_SMC_CMP RRC_SEC_MODE_CMP SHT4_NEWCTX EMM_ESM_INFO_REQ EMM_ESM_INFO_RES SHT2_CIPHERED EMM_ATTACH_ACCEPT EMM_ATTACH_CMP
582,0,RRC_CONN_REQ RRC_CONN_SETUP RRC_CONN_SETUP_CMP RRC_UL_INFO_NAS EMM_ATTACH_REQ SHT0_PLAIN RRC_DL_INFO_NAS EMM_IDENTITY_REQ EMM_IDENTITY_RES EMM_AUTH_REQ EMM_AUTH_RES RRC_SEC_MODE_CMD EMM_SMC EMM_SMC_CMP RRC_SEC_MODE_CMP SHT4_NEWCTX EMM_ESM_INFO_REQ EMM_ESM_INFO_RES SHT2_CIPHERED EMM_ATTACH_ACCEPT EMM_ATTACH_CMP
629,0,RRC_CONN_REQ RRC_CONN_SETUP RRC_CONN_SETUP_CMP RRC_UL_INFO_NAS EMM_ATTACH_REQ SHT0_PLAIN RRC_DL_INFO_NAS EMM_AUTH_REQ EMM_AUTH_RES RRC_SEC_MODE_CMD EMM_SMC RRC_SEC_MODE_CMP SHT4_NEWCTX EMM_ESM_INFO_REQ EMM_ESM_INFO_RES SHT2_CIPHERED EMM_ATTACH_ACCEPT RF_TAC_CHANGE EMM_ATTACH_CMP
2474,0,RRC_CONN_REQ RRC_CONN_SETUP RRC_CONN_SETUP_CMP RRC_UL_INFO_NAS EMM_ATTACH_REQ SHT0_PLAIN RRC_DL_INFO_NAS EMM_IDENTITY_REQ EMM_IDENTITY_RES EMM_AUTH_REQ EMM_AUTH_RES RRC_SEC_MODE_CMD EMM_SMC EMM_SMC_CMP RRC_SEC_MODE_CMP SHT4_NEWCTX EMM_ESM_INFO_REQ EMM_ESM_INFO_RES SHT2_CIPHERED EMM_ATTACH_ACCEPT EMM_ATTACH_CMP
1321,0,RRC_CONN_REQ RRC_CONN_SETUP RRC_CONN_SETUP_CMP RRC_UL_INFO_NAS EMM_ATTACH_REQ SHT0_PLAIN RRC_DL_INFO_NAS EMM_IDENTITY_REQ EMM_IDENTITY_RES EMM_AUTH_REQ EMM_AUTH_RES RRC_SEC_MODE_CMD EMM_SMC EMM_SMC_CMP RRC_SEC_MODE_CMP SHT4_NEWCTX EMM_ESM_INFO_REQ EMM_ESM_INFO_RES SHT2_CIPHERED EMM_ATTACH_ACCEPT EMM_ATTACH_CMP
2134,0,RRC_CONN_REQ RRC_CONN_SETUP RRC_CONN_SETUP_CMP RRC_UL_INFO_NAS EMM_ATTACH_REQ SHT0_PLAIN RRC_DL_INFO_NAS EMM_IDENTITY_REQ EMM_IDENTITY_RES EMM_AUTH_REQ EMM_AUTH_RES RRC_SEC_MODE_CMD EMM_SMC EMM_SMC_CMP RRC_SEC_MODE_CMP SHT4_NEWCTX EMM_ESM_INFO_REQ EMM_ESM_INFO_RES SHT2_CIPHERED EMM_ATTACH_ACCEPT EMM_ATTACH_CMP
776,0,RRC_CONN_REQ RRC_CONN_SETUP RRC_CONN_SETUP_CMP RRC_UL_INFO_NAS EMM_ATTACH_REQ SHT0_PLAIN RRC_DL_INFO_NAS EMM_AUTH_REQ EMM_AUTH_RES RRC_SEC_MODE_CMD EMM_SMC EMM_SMC_CMP RRC_SEC_MODE_CMP SHT4_NEWCTX EMM_ESM_INFO_REQ EMM_ESM_INFO_RES SHT2_CIPHERED EMM_ATTACH_ACCEPT EMM_ATTACH_CMP
1273,0,RRC_CONN_REQ RRC_CONN_SETUP RRC_CONN_SETUP_CMP RRC_UL_INFO_NAS EMM_ATTACH_REQ SHT0_PLAIN RRC_DL_INFO_NAS EMM_IDENTITY_REQ EMM_IDENTITY_RES EMM_AUTH_REQ EMM_AUTH_RES RRC_SEC_MODE_CMD EMM_SMC EMM_SMC_CMP RRC_SEC_MODE_CMP SHT4_NEWCTX EMM_ESM_INFO_REQ EMM_ESM_INFO_RES SHT2_CIPHERED EMM_ATTACH_ACCEPT EMM_ATTACH_CMP
830,0,RRC_CONN_REQ RRC_CONN_SETUP RRC_CONN_SETUP_CMP RRC_UL_INFO_NAS EMM_ATTACH_REQ SHT0_PLAIN RRC_DL_INFO_NAS EMM_IDENTITY_REQ EMM_IDENTITY_RES EMM_AUTH_REQ EMM_AUTH_RES RRC_SEC_MODE_CMD EMM_SMC EMM_SMC_CMP RRC_SEC_MODE_CMP RF_TAC_CHANGE SHT4_NEWCTX EMM_ESM_INFO_REQ EMM_ESM_INFO_RES SHT2_CIPHERED EMM_ATTACH_ACCEPT EMM_ATTACH_CMP
1768,0,RRC_CONN_REQ RRC_CONN_SETUP RRC_CONN_SETUP_CMP RRC_UL_INFO_NAS EMM_ATTACH_REQ SHT0_PLAIN RRC_DL_INFO_NAS EMM_IDENTITY_REQ EMM_IDENTITY_RES EMM_AUTH_REQ EMM_AUTH_RES RRC_SEC_MODE_CMD EMM_SMC EMM_SMC_CMP RRC_SEC_MODE_CMP SHT4_NEWCTX EMM_ESM_INFO_REQ EMM_ESM_INFO_RES SHT2_CIPHERED EMM_ATTACH_ACCEPT EMM_ATTACH_CMP
1988,0,RRC_CONN_REQ RRC_CONN_SETUP RRC_CONN_SETUP_CMP RRC_UL_INFO_NAS EMM_ATTACH_REQ SHT0_PLAIN RF_TAC_CHANGE RRC_DL_INFO_NAS EMM_IDENTITY_REQ EMM_IDENTITY_RES EMM_AUTH_REQ EMM_AUTH_RES RRC_SEC_MODE_CMD EMM_SMC EMM_SMC_CMP RRC_SEC_MODE_CMP SHT4_NEWCTX EMM_ESM_INFO_REQ EMM_ESM_INFO_RES SHT2_CIPHERED EMM_ATTACH_ACCEPT EMM_ATTACH_CMP
1522,0,RRC_CONN_REQ RRC_CONN_SETUP RRC_CONN_SETUP_CMP RRC_UL_INFO_NAS EMM_ATTACH_REQ SHT0_PLAIN EMM_IDENTITY_REQ EMM_IDENTITY_RES EMM_AUTH_REQ EMM_AUTH_RES RRC_SEC_MODE_CMD EMM_SMC EMM_SMC_CMP RRC_SEC_MODE_CMP SHT4_NEWCTX EMM_ESM_INFO_REQ EMM_ESM_INFO_RES SHT2_CIPHERED EMM_ATTACH_ACCEPT EMM_ATTACH_CMP
2062,0,RRC_CONN_REQ RRC_CONN_SETUP RRC_CONN_SETUP_CMP RRC_UL_INFO_NAS RF_TAC_CHANGE EMM_ATTACH_REQ SHT0_PLAIN RRC_DL_INFO_NAS EMM_IDENTITY_REQ EMM_IDENTITY_RES EMM_AUTH_REQ EMM_AUTH_RES RRC_SEC_MODE_CMD EMM_SMC EMM_SMC_CMP RRC_SEC_MODE_CMP SHT4_NEWCTX EMM_ESM_INFO_REQ EMM_ESM_INFO_RES SHT2_CIPHERED EMM_ATTACH_ACCEPT EMM_ATTACH_CMP
1702,0,RRC_CONN_REQ RRC_CONN_SETUP RRC_CONN_SETUP_CMP RRC_UL_INFO_NAS EMM_ATTACH_REQ SHT0_PLAIN RRC_DL_INFO_NAS EMM_IDENTITY_REQ EMM_IDENTITY_RES EMM_AUTH_REQ EMM_AUTH_RES RRC_SEC_MODE_CMD EMM_SMC EMM_SMC_CMP RRC_SEC_MODE_CMP SHT4_NEWCTX EMM_ESM_INFO_REQ EMM_ESM_INFO_RES SHT2_CIPHERED EMM_ATTACH_ACCEPT EMM_ATTACH_CMP
1473,0,RRC_CONN_REQ RRC_CONN_SETUP RRC_CONN_SETUP_CMP RRC_UL_INFO_NAS EMM_ATTACH_REQ SHT0_PLAIN RRC_DL_INFO_NAS EMM_IDENTITY_REQ EMM_IDENTITY_RES EMM_AUTH_REQ EMM_AUTH_RES RRC_SEC_MODE_CMD EMM_SMC EMM_SMC_CMP RRC_SEC_MODE_CMP SHT4_NEWCTX EMM_ESM_INFO_REQ EMM_ESM_INFO_RES SHT2_CIPHERED EMM_ATTACH_ACCEPT EMM_ATTACH_CMP
1378,0,RRC_CONN_REQ RRC_CONN_SETUP RRC_CONN_SETUP_CMP RRC_UL_INFO_NAS EMM_ATTACH_REQ SHT0_PLAIN RRC_DL_INFO_NAS EMM_IDENTITY_REQ EMM_IDENTITY_RES EMM_AUTH_REQ EMM_AUTH_RES RRC_SEC_MODE_CMD EMM_SMC EMM_SMC_CMP RRC_SEC_MODE_CMP SHT4_NEWCTX EMM_ESM_INFO_REQ EMM_ESM_INFO_RES SHT2_CIPHERED EMM_ATTACH_ACCEPT EMM_ATTACH_CMP
1662,0,RRC_CONN_REQ RRC_CONN_SETUP RRC_CONN_SETUP_CMP RRC_UL_INFO_NAS EMM_ATTACH_REQ SHT0_PLAIN RRC_DL_INFO_NAS EMM_IDENTITY_REQ EMM_IDENTITY_RES EMM_AUTH_REQ EMM_AUTH_RES RRC_SEC_MODE_CMD EMM_SMC EMM_SMC_CMP RRC_SEC_MODE_CMP SHT4_NEWCTX EMM_ESM_INFO_REQ EMM_ESM_INFO_RES SHT2_CIPHERED EMM_ATTACH_ACCEPT EMM_ATTACH_CMP
1004,0,RRC_CONN_REQ RRC_CONN_SETUP RRC_CONN_SETUP_CMP RRC_UL_INFO_NAS EMM_ATTACH_REQ SHT0_PLAIN RRC_DL_INFO_NAS EMM_IDENTITY_REQ EMM_IDENTITY_RES EMM_AUTH_REQ EMM_AUTH_RES RRC_SEC_MODE_CMD EMM_SMC EMM_SMC_CMP RRC_SEC_MODE_CMP RF_TAC_CHANGE SHT4_NEWCTX EMM_ESM_INFO_REQ EMM_ESM_INFO_RES SHT2_CIPHERED EMM_ATTACH_ACCEPT EMM_ATTACH_CMP
2282,0,RRC_CONN_REQ RRC_CONN_SETUP RRC_CONN_SETUP_CMP RRC_UL_INFO_NAS EMM_ATTACH_REQ SHT0_PLAIN RRC_DL_INFO_NAS EMM_IDENTITY_REQ EMM_IDENTITY_RES RF_TAC_CHANGE EMM_AUTH_REQ EMM_AUTH_RES RRC_SEC_MODE_CMD EMM_SMC EMM_SMC_CMP RRC_SEC_MODE_CMP SHT4_NEWCTX EMM_ESM_INFO_REQ EMM_ESM_INFO_RES SHT2_CIPHERED EMM_ATTACH_ACCEPT EMM_ATTACH_CMP
1385,0,RRC_CONN_REQ RRC_CONN_SETUP_CMP RRC_UL_INFO_NAS EMM_ATTACH_REQ SHT0_PLAIN RRC_DL_INFO_NAS EMM_IDENTITY_REQ EMM_IDENTITY_RES EMM_AUTH_REQ EMM_AUTH_RES RRC_SEC_MODE_CMD EMM_SMC EMM_SMC_CMP RRC_SEC_MODE_CMP SHT4_NEWCTX EMM_ESM_INFO_REQ EMM_ESM_INFO_RES SHT2_CIPHERED EMM_ATTACH_ACCEPT EMM_ATTACH_CMP
1132,0,RRC_CONN_REQ RRC_CONN_SETUP RRC_CONN_SETUP_CMP RRC_UL_INFO_NAS EMM_ATTACH_REQ SHT0_PLAIN RRC_DL_INFO_NAS EMM_IDENTITY_REQ EMM_IDENTITY_RES EMM_AUTH_REQ EMM_AUTH_RES RRC_SEC_MODE_CMD EMM_SMC EMM_SMC_CMP RRC_SEC_MODE_CMP SHT4_NEWCTX EMM_ESM_INFO_REQ EMM_ESM_INFO_RES SHT2_CIPHERED EMM_ATTACH_ACCEPT EMM_ATTACH_CMP
1412,0,RRC_CONN_REQ RRC_CONN_SETUP RRC_CONN_SETUP_CMP RRC_UL_INFO_NAS EMM_ATTACH_REQ SHT0_PLAIN RRC_DL_INFO_NAS EMM_IDENTITY_REQ EMM_IDENTITY_RES EMM_AUTH_REQ EMM_AUTH_RES RRC_SEC_MODE_CMD EMM_SMC_CMP RRC_SEC_MODE_CMP RF_TAC_CHANGE SHT4_NEWCTX EMM_ESM_INFO_REQ EMM_ESM_INFO_RES SHT2_CIPHERED EMM_ATTACH_ACCEPT EMM_ATTACH_CMP
1689,0,RRC_CONN_REQ RRC_CONN_SETUP RRC_CONN_SETUP_CMP RRC_UL_INFO_NAS EMM_ATTACH_REQ SHT0_PLAIN RRC_DL_INFO_NAS EMM_IDENTITY_REQ EMM_IDENTITY_RES EMM_AUTH_REQ EMM_AUTH_RES RRC_SEC_MODE_CMD EMM_SMC EMM_SMC_CMP RRC_SEC_MODE_CMP SHT4_NEWCTX EMM_ESM_INFO_REQ EMM_ESM_INFO_RES SHT2_CIPHERED EMM_ATTACH_ACCEPT EMM_ATTACH_CMP
1095,0,RRC_CONN_REQ RRC_CONN_SETUP RRC_CONN_SETUP_CMP RRC_UL_INFO_NAS EMM_ATTACH_REQ SHT0_PLAIN RRC_DL_INFO_NAS EMM_IDENTITY_REQ EMM_IDENTITY_RES EMM_AUTH_REQ EMM_AUTH_RES RRC_SEC_MODE_CMD EMM_SMC EMM_SMC_CMP RRC_SEC_MODE_CMP SHT4_NEWCTX EMM_ESM_INFO_REQ EMM_ESM_INFO_RES SHT2_CIPHERED EMM_ATTACH_ACCEPT EMM_ATTACH_CMP
1505,0,RRC_CONN_REQ RRC_CONN_SETUP RRC_CONN_SETUP_CMP RRC_UL_INFO_NAS EMM_ATTACH_REQ SHT0_PLAIN RRC_DL_INFO_NAS EMM_IDENTITY_REQ EMM_IDENTITY_RES EMM_AUTH_REQ EMM_AUTH_RES RRC_SEC_MODE_CMD EMM_SMC EMM_SMC_CMP RRC_SEC_MODE_CMP SHT4_NEWCTX EMM_ESM_INFO_REQ EMM_ESM_INFO_RES SHT2_CIPHERED EMM_ATTACH_ACCEPT EMM_ATTACH_CMP
1432,0,RRC_CONN_REQ RRC_CONN_SETUP RRC_CONN_SETUP_CMP RRC_UL_INFO_NAS EMM_ATTACH_REQ SHT0_PLAIN RRC_DL_INFO_NAS EMM_IDENTITY_REQ EMM_IDENTITY_RES EMM_AUTH_REQ EMM_AUTH_RES RRC_SEC_MODE_CMD EMM_SMC EMM_SMC_CMP RRC_SEC_MODE_CMP SHT4_NEWCTX EMM_ESM_INFO_REQ EMM_ESM_INFO_RES SHT2_CIPHERED EMM_ATTACH_ACCEPT EMM_ATTACH_CMP
1083,0,RRC_CONN_REQ RRC_CONN_SETUP RRC_CONN_SETUP_CMP RRC_UL_INFO_NAS EMM_ATTACH_REQ SHT0_PLAIN RRC_DL_INFO_NAS RF_REFPOWER_HIGH RF_TAC_CHANGE EMM_IDENTITY_REQ EMM_IDENTITY_RES EMM_SMC EMM_SMC_CMP SHT0_PLAIN EMM_ATTACH_ACCEPT EMM_ATTACH_CMP
1487,0,RRC_CONN_REQ RRC_CONN_SETUP RRC_CONN_SETUP_CMP RRC_UL_INFO_NAS EMM_ATTACH_REQ SHT0_PLAIN RRC_DL_INFO_NAS EMM_IDENTITY_REQ EMM_IDENTITY_RES EMM_AUTH_REQ EMM_AUTH_RES RRC_SEC_MODE_CMD EMM_SMC EMM_SMC_CMP RRC_SEC_MODE_CMP SHT4_NEWCTX EMM_ESM_INFO_REQ EMM_ESM_INFO_RES SHT2_CIPHERED EMM_ATTACH_ACCEPT EMM_ATTACH_CMP
810,0,RRC_CONN_REQ RRC_CONN_SETUP RRC_CONN_SETUP_CMP RF_TAC_CHANGE RRC_UL_INFO_NAS EMM_ATTACH_REQ SHT0_PLAIN RRC_DL_INFO_NAS EMM_AUTH_REQ EMM_AUTH_RES RRC_SEC_MODE_CMD EMM_SMC EMM_SMC_CMP RRC_SEC_MODE_CMP SHT4_NEWCTX EMM_ESM_INFO_REQ EMM_ESM_INFO_RES SHT2_CIPHERED EMM_ATTACH_ACCEPT EMM_ATTACH_CMP
1608,0,RRC_CONN_REQ RRC_CONN_SETUP RRC_CONN_SETUP_CMP RRC_UL_INFO_NAS EMM_ATTACH_REQ SHT0_PLAIN RRC_DL_INFO_NAS EMM_IDENTITY_REQ EMM_IDENTITY_RES EMM_AUTH_REQ EMM_AUTH_RES RRC_SEC_MODE_CMD EMM_SMC EMM_SMC_CMP RRC_SEC_MODE_CMP SHT4_NEWCTX EMM_ESM_INFO_REQ EMM_ESM_INFO_RES SHT2_CIPHERED EMM_ATTACH_ACCEPT
1546,0,RRC_CONN_REQ RRC_CONN_SETUP RRC_CONN_SETUP_CMP RRC_UL_INFO_NAS EMM_ATTACH_REQ SHT0_PLAIN RRC_DL_INFO_NAS EMM_IDENTITY_REQ EMM_IDENTITY_RES EMM_AUTH_REQ EMM_AUTH_RES RRC_SEC_MODE_CMD EMM_SMC EMM_SMC_CMP RRC_SEC_MODE_CMP SHT4_NEWCTX EMM_ESM_INFO_REQ EMM_ESM_INFO_RES SHT2_CIPHERED EMM_ATTACH_ACCEPT EMM_ATTACH_CMP
868,0,RRC_CONN_REQ RRC_CONN_SETUP RRC_CONN_SETUP_CMP RRC_UL_INFO_NAS EMM_ATTACH_REQ SHT0_PLAIN RRC_DL_INFO_NAS EMM_AUTH_REQ EMM_AUTH_RES RRC_SEC_MODE_CMD EMM_SMC EMM_SMC_CMP RRC_SEC_MODE_CMP SHT4_NEWCTX EMM_ESM_INFO_REQ EMM_ESM_INFO_RES SHT2_CIPHERED EMM_ATTACH_ACCEPT EMM_ATTACH_CMP
1137,0,RRC_CONN_REQ RRC_CONN_SETUP RRC_CONN_SETUP_CMP RRC_UL_INFO_NAS EMM_ATTACH_REQ SHT0_PLAIN RRC_DL_INFO_NAS EMM_IDENTITY_REQ EMM_IDENTITY_RES EMM_AUTH_REQ EMM_AUTH_RES RRC_SEC_MODE_CMD EMM_SMC EMM_SMC_CMP RRC_SEC_MODE_CMP SHT4_NEWCTX EMM_ESM_INFO_REQ EMM_ESM_INFO_RES SHT2_CIPHERED EMM_ATTACH_ACCEPT EMM_ATTACH_CMP
1347,0,RRC_CONN_REQ RRC_CONN_SETUP RRC_CONN_SETUP_CMP RRC_UL_INFO_NAS EMM_ATTACH_REQ SHT0_PLAIN RRC_DL_INFO_NAS EMM_IDENTITY_REQ EMM_IDENTITY_RES EMM_AUTH_REQ EMM_AUTH_RES RRC_SEC_MODE_CMD EMM_SMC EMM_SMC_CMP RRC_SEC_MODE_CMP SHT4_NEWCTX EMM_ESM_INFO_REQ EMM_ESM_INFO_RES SHT2_CIPHERED EMM_ATTACH_ACCEPT EMM_ATTACH_CMP
1428,0,RRC_CONN_REQ RRC_CONN_SETUP RRC_CONN_SETUP_CMP RRC_UL_INFO_NAS EMM_ATTACH_REQ SHT0_PLAIN RRC_DL_INFO_NAS EMM_IDENTITY_RES EMM_AUTH_REQ EMM_AUTH_RES RRC_SEC_MODE_CMD EMM_SMC EMM_SMC_CMP RRC_SEC_MODE_CMP SHT4_NEWCTX EMM_ESM_INFO_REQ EMM_ESM_INFO_RES SHT2_CIPHERED EMM_ATTACH_ACCEPT EMM_ATTACH_CMP
640,0,RRC_CONN_REQ RRC_CONN_SETUP RRC_CONN_SETUP_CMP RRC_UL_INFO_NAS EMM_ATTACH_REQ SHT0_PLAIN RRC_DL_INFO_NAS EMM_IDENTITY_REQ EMM_IDENTITY_RES EMM_AUTH_REQ EMM_AUTH_RES RRC_SEC_MODE_CMD EMM_SMC EMM_SMC_CMP RRC_SEC_MODE_CMP SHT4_NEWCTX EMM_ESM_INFO_REQ EMM_ESM_INFO_RES SHT2_CIPHERED EMM_ATTACH_ACCEPT EMM_ATTACH_CMP
1812,0,RRC_CONN_REQ RRC_CONN_SETUP RRC_CONN_SETUP_CMP RRC_UL_INFO_NAS EMM_ATTACH_REQ SHT0_PLAIN RRC_DL_INFO_NAS EMM_IDENTITY_REQ EMM_IDENTITY_RES EMM_AUTH_REQ RRC_SEC_MODE_CMD EMM_SMC EMM_SMC_CMP RRC_SEC_MODE_CMP SHT4_NEWCTX EMM_ESM_INFO_REQ EMM_ESM_INFO_RES SHT2_CIPHERED EMM_ATTACH_ACCEPT EMM_ATTACH_CMP
1429,0,RRC_CONN_REQ RRC_CONN_SETUP RRC_CONN_SETUP_CMP RRC_UL_INFO_NAS EMM_ATTACH_REQ SHT0_PLAIN RRC_DL_INFO_NAS EMM_IDENTITY_REQ EMM_IDENTITY_RES EMM_AUTH_REQ EMM_AUTH_RES RRC_SEC_MODE_CMD EMM_SMC EMM_SMC_CMP RRC_SEC_MODE_CMP SHT4_NEWCTX EMM_ESM_INFO_REQ EMM_ESM_INFO_RES SHT2_CIPHERED EMM_ATTACH_ACCEPT EMM_ATTACH_CMP
735,0,RRC_CONN_REQ RRC_CONN_SETUP RRC_CONN_SETUP_CMP RRC_UL_INFO_NAS EMM_ATTACH_REQ SHT0_PLAIN RRC_DL_INFO_NAS EMM_IDENTITY_REQ EMM_IDENTITY_RES EMM_AUTH_REQ EMM_AUTH_RES RRC_SEC_MODE_CMD EMM_SMC EMM_SMC_CMP RRC_SEC_MODE_CMP SHT4_NEWCTX EMM_ESM_INFO_REQ EMM_ESM_INFO_RES SHT2_CIPHERED EMM_ATTACH_ACCEPT EMM_ATTACH_CMP
1331,0,RRC_CONN_REQ RRC_CONN_SETUP RRC_CONN_SETUP_CMP RRC_UL_INFO_NAS EMM_ATTACH_REQ SHT0_PLAIN RRC_DL_INFO_NAS EMM_IDENTITY_REQ EMM_IDENTITY_RES EMM_AUTH_REQ EMM_AUTH_RES RRC_SEC_MODE_CMD EMM_SMC EMM_SMC_CMP RRC_SEC_MODE_CMP SHT4_NEWCTX EMM_ESM_INFO_REQ EMM_ESM_INFO_RES SHT2_CIPHERED EMM_ATTACH_ACCEPT EMM_ATTACH_CMP
996,0,RRC_CONN_REQ RRC_CONN_SETUP RRC_CONN_SETUP_CMP RRC_UL_INFO_NAS EMM_ATTACH_REQ SHT0_PLAIN RRC_DL_INFO_NAS EMM_IDENTITY_REQ EMM_IDENTITY_RES EMM_AUTH_REQ EMM_AUTH_RES RRC_SEC_MODE_CMD EMM_SMC EMM_SMC_CMP RRC_SEC_MODE_CMP SHT4_NEWCTX EMM_ESM_INFO_REQ EMM_ESM_INFO_RES SHT2_CIPHERED EMM_ATTACH_ACCEPT EMM_ATTACH_CMP
560,0,RRC_CONN_REQ RRC_CONN_SETUP RRC_CONN_SETUP_CMP RRC_UL_INFO_NAS EMM_ATTACH_REQ SHT0_PLAIN RRC_DL_INFO_NAS EMM_IDENTITY_REQ EMM_IDENTITY_RES EMM_AUTH_REQ EMM_AUTH_RES RRC_SEC_MODE_CMD EMM_SMC EMM_SMC_CMP RRC_SEC_MODE_CMP SHT4_NEWCTX EMM_ESM_INFO_REQ EMM_ESM_INFO_RES SHT2_CIPHERED EMM_ATTACH_ACCEPT EMM_ATTACH_CMP
943,0,RRC_CONN_REQ RRC_CONN_SETUP RRC_CONN_SETUP_CMP RRC_UL_INFO_NAS EMM_ATTACH_REQ SHT0_PLAIN RRC_DL_INFO_NAS RF_TAC_CHANGE EMM_IDENTITY_REQ EMM_IDENTITY_RES RRC_SEC_MODE_CMD EMM_SMC_NULL EMM_SMC_CMP SHT0_PLAIN EMM_ATTACH_ACCEPT EMM_ATTACH_REJECT
1483,0,RRC_CONN_REQ RRC_CONN_SETUP RRC_CONN_SETUP_CMP RRC_UL_INFO_NAS EMM_ATTACH_REQ SHT0_PLAIN RRC_DL_INFO_NAS RF_REFPOWER_HIGH RF_TAC_CHANGE EMM_IDENTITY_REQ EMM_IDENTITY_RES EMM_IDENTITY_REQ EMM_IDENTITY_RES EMM_AUTH_REQ EMM_AUTH_RES RRC_SEC_MODE_CMD EMM_SMC_NULL EMM_SMC_CMP SHT0_PLAIN EMM_ATTACH_ACCEPT EMM_ATTACH_CMP
995,0,RRC_CONN_REQ RRC_CONN_SETUP RRC_CONN_SETUP_CMP RRC_UL_INFO_NAS EMM_ATTACH_REQ SHT0_PLAIN RRC_DL_INFO_NAS EMM_IDENTITY_REQ EMM_IDENTITY_RES EMM_AUTH_REQ EMM_AUTH_RES RRC_SEC_MODE_CMD EMM_SMC EMM_SMC_CMP RRC_SEC_MODE_CMP SHT4_NEWCTX EMM_ESM_INFO_REQ EMM_ESM_INFO_RES SHT2_CIPHERED EMM_ATTACH_ACCEPT EMM_ATTACH_CMP
1570,0,RRC_CONN_REQ RRC_CONN_SETUP RRC_CONN_SETUP_CMP RRC_UL_INFO_NAS EMM_ATTACH_REQ SHT0_PLAIN RRC_DL_INFO_NAS EMM_IDENTITY_REQ EMM_IDENTITY_RES EMM_AUTH_REQ EMM_AUTH_RES RRC_SEC_MODE_CMD EMM_SMC EMM_SMC_CMP RRC_SEC_MODE_CMP SHT4_NEWCTX EMM_ESM_INFO_REQ EMM_ESM_INFO_RES SHT2_CIPHERED EMM_ATTACH_ACCEPT EMM_ATTACH_CMP
1691,0,RRC_CONN_REQ RRC_CONN_SETUP RRC_CONN_SETUP_CMP RRC_UL_INFO_NAS EMM_ATTACH_REQ SHT0_PLAIN RRC_DL_INFO_NAS EMM_IDENTITY_REQ EMM_IDENTITY_RES EMM_AUTH_REQ EMM_AUTH_RES RRC_SEC_MODE_CMD EMM_SMC EMM_SMC_CMP RRC_SEC_MODE_CMP SHT4_NEWCTX EMM_ESM_INFO_REQ EMM_ESM_INFO_RES SHT2_CIPHERED EMM_ATTACH_ACCEPT EMM_ATTACH_CMP
774,0,RRC_CONN_REQ RRC_CONN_SETUP RRC_CONN_SETUP_CMP RRC_UL_INFO_NAS EMM_ATTACH_REQ SHT0_PLAIN RRC_DL_INFO_NAS EMM_IDENTITY_REQ EMM_IDENTITY_RES EMM_AUTH_REQ EMM_AUTH_RES RRC_SEC_MODE_CMD EMM_SMC EMM_SMC_CMP RRC_SEC_MODE_CMP SHT4_NEWCTX EMM_ESM_INFO_REQ EMM_ESM_INFO_RES SHT2_CIPHERED EMM_ATTACH_ACCEPT EMM_ATTACH_CMP
1968,0,RRC_CONN_REQ RRC_CONN_SETUP RRC_CONN_SETUP_CMP RRC_UL_INFO_NAS EMM_ATTACH_REQ SHT0_PLAIN RRC_DL_INFO_NAS EMM_IDENTITY_REQ EMM_IDENTITY_RES RF_TAC_CHANGE EMM_AUTH_REQ EMM_AUTH_RES RRC_SEC_MODE_CMD EMM_SMC EMM_SMC_CMP RRC_SEC_MODE_CMP SHT4_NEWCTX EMM_ESM_INFO_REQ EMM_ESM_INFO_RES SHT2_CIPHERED EMM_ATTACH_ACCEPT EMM_ATTACH_CMP
2150,0,RRC_CONN_REQ RRC_CONN_SETUP RRC_CONN_SETUP_CMP RRC_UL_INFO_NAS EMM_ATTACH_REQ SHT0_PLAIN RRC_DL_INFO_NAS EMM_IDENTITY_REQ EMM_IDENTITY_RES EMM_AUTH_REQ EMM_AUTH_RES RRC_SEC_MODE_CMD EMM_SMC EMM_SMC_CMP RRC_SEC_MODE_CMP SHT4_NEWCTX EMM_ESM_INFO_REQ EMM_ESM_INFO_RES SHT2_CIPHERED EMM_ATTACH_ACCEPT EMM_ATTACH_CMP
1914,0,RRC_CONN_REQ RRC_CONN_SETUP RRC_CONN_SETUP_CMP RRC_UL_INFO_NAS EMM_ATTACH_REQ SHT0_PLAIN RRC_DL_INFO_NAS EMM_IDENTITY_REQ EMM_IDENTITY_RES EMM_AUTH_REQ EMM_AUTH_RES RRC_SEC_MODE_CMD EMM_SMC EMM_SMC_CMP RRC_SEC_MODE_CMP SHT4_NEWCTX EMM_ESM_INFO_REQ EMM_ESM_INFO_RES SHT2_CIPHERED EMM_ATTACH_ACCEPT EMM_ATTACH_CMP
2399,0,RRC_CONN_REQ RRC_CONN_SETUP RRC_CONN_SETUP_CMP RRC_UL_INFO_NAS EMM_ATTACH_REQ SHT0_PLAIN RRC_DL_INFO_NAS EMM_IDENTITY_REQ EMM_IDENTITY_RES EMM_AUTH_REQ EMM_AUTH_RES RRC_SEC_MODE_CMD EMM_SMC EMM_SMC_CMP RRC_SEC_MODE_CMP SHT4_NEWCTX EMM_ESM_INFO_REQ EMM_ESM_INFO_RES SHT2_CIPHERED EMM_ATTACH_ACCEPT EMM_ATTACH_CMP
1124,0,RRC_CONN_REQ RRC_CONN_SETUP RRC_CONN_SETUP_CMP RRC_UL_INFO_NAS EMM_ATTACH_REQ SHT0_PLAIN RRC_DL_INFO_NAS EMM_IDENTITY_REQ EMM_IDENTITY_RES EMM_AUTH_REQ EMM_AUTH_RES RRC_SEC_MODE_CMD EMM_SMC EMM_SMC_CMP RRC_SEC_MODE_CMP SHT4_NEWCTX EMM_ESM_INFO_REQ EMM_ESM_INFO_RES SHT2_CIPHERED EMM_ATTACH_ACCEPT EMM_ATTACH_CMP
1340,0,RRC_CONN_REQ RRC_CONN_SETUP RRC_CONN_SETUP_CMP RRC_UL_INFO_NAS EMM_ATTACH_REQ SHT0_PLAIN RRC_DL_INFO_NAS EMM_IDENTITY_REQ EMM_IDENTITY_RES EMM_AUTH_REQ EMM_AUTH_RES RRC_SEC_MODE_CMD EMM_SMC EMM_SMC_CMP RRC_SEC_MODE_CMP SHT4_NEWCTX EMM_ESM_INFO_REQ EMM_ESM_INFO_RES SHT2_CIPHERED EMM_ATTACH_ACCEPT EMM_ATTACH_CMP
701,0,RRC_CONN_REQ RRC_CONN_SETUP RRC_CONN_SETUP_CMP RRC_UL_INFO_NAS EMM_ATTACH_REQ SHT0_PLAIN RRC_DL_INFO_NAS EMM_IDENTITY_REQ EMM_IDENTITY_RES EMM_AUTH_REQ EMM_AUTH_RES RRC_SEC_MODE_CMD EMM_SMC EMM_SMC_CMP RRC_SEC_MODE_CMP SHT4_NEWCTX EMM_ESM_INFO_REQ EMM_ESM_INFO_RES SHT2_CIPHERED EMM_ATTACH_ACCEPT EMM_ATTACH_CMP
1742,0,RRC_CONN_REQ RRC_CONN_SETUP RRC_CONN_SETUP_CMP RRC_UL_INFO_NAS EMM_ATTACH_REQ SHT0_PLAIN RRC_DL_INFO_NAS EMM_IDENTITY_REQ EMM_IDENTITY_RES EMM_AUTH_REQ EMM_AUTH_RES RRC_SEC_MODE_CMD EMM_SMC EMM_SMC_CMP RRC_SEC_MODE_CMP SHT4_NEWCTX EMM_ESM_INFO_REQ EMM_ESM_INFO_RES SHT2_CIPHERED EMM_ATTACH_ACCEPT EMM_ATTACH_CMP
1199,0,RRC_CONN_SETUP RRC_CONN_SETUP_CMP RRC_UL_INFO_NAS EMM_ATTACH_REQ SHT0_PLAIN RRC_DL_INFO_NAS EMM_IDENTITY_REQ EMM_IDENTITY_RES EMM_AUTH_REQ EMM_AUTH_RES RRC_SEC_MODE_CMD EMM_SMC EMM_SMC_CMP RRC_SEC_MODE_CMP SHT4_NEWCTX EMM_ESM_INFO_REQ EMM_ESM_INFO_RES SHT2_CIPHERED EMM_ATTACH_ACCEPT EMM_ATTACH_CMP
1394,0,RRC_CONN_REQ RRC_CONN_SETUP RRC_CONN_SETUP_CMP RRC_UL_INFO_NAS EMM_ATTACH_REQ SHT0_PLAIN RRC_DL_INFO_NAS EMM_IDENTITY_REQ EMM_IDENTITY_RES EMM_AUTH_REQ EMM_AUTH_RES RRC_SEC_MODE_CMD EMM_SMC EMM_SMC_CMP RRC_SEC_MODE_CMP SHT4_NEWCTX EMM_ESM_INFO_REQ EMM_ESM_INFO_RES SHT2_CIPHERED EMM_ATTACH_ACCEPT EMM_ATTACH_CMP
2204,0,RRC_CONN_REQ RRC_CONN_SETUP RRC_CONN_SETUP_CMP RRC_UL_INFO_NAS SHT0_PLAIN RRC_DL_INFO_NAS EMM_IDENTITY_REQ EMM_IDENTITY_RES EMM_AUTH_REQ EMM_AUTH_RES RRC_SEC_MODE_CMD EMM_SMC EMM_SMC_CMP RRC_SEC_MODE_CMP SHT4_NEWCTX EMM_ESM_INFO_REQ EMM_ESM_INFO_RES SHT2_CIPHERED EMM_ATTACH_ACCEPT EMM_ATTACH_CMP
2258,0,RRC_CONN_REQ RRC_CONN_SETUP RRC_CONN_SETUP_CMP RRC_UL_INFO_NAS EMM_ATTACH_REQ SHT0_PLAIN RRC_DL_INFO_NAS EMM_IDENTITY_REQ EMM_IDENTITY_RES EMM_AUTH_REQ EMM_AUTH_RES RRC_SEC_MODE_CMD EMM_SMC EMM_SMC_CMP RRC_SEC_MODE_CMP SHT4_NEWCTX EMM_ESM_INFO_REQ EMM_ESM_INFO_RES SHT2_CIPHERED EMM_ATTACH_ACCEPT EMM_ATTACH_CMP
1174,0,RRC_CONN_REQ RRC_CONN_SETUP_CMP RRC_UL_INFO_NAS EMM_ATTACH_REQ SHT0_PLAIN RRC_DL_INFO_NAS EMM_IDENTITY_REQ EMM_IDENTITY_RES EMM_AUTH_REQ EMM_AUTH_RES RRC_SEC_MODE_CMD EMM_SMC EMM_SMC_CMP RRC_SEC_MODE_CMP SHT4_NEWCTX EMM_ESM_INFO_REQ EMM_ESM_INFO_RES SHT2_CIPHERED EMM_ATTACH_ACCEPT EMM_ATTACH_CMP
2168,0,RRC_CONN_REQ RRC_CONN_SETUP RRC_CONN_SETUP_CMP RRC_UL_INFO_NAS EMM_ATTACH_REQ SHT0_PLAIN RRC_DL_INFO_NAS EMM_IDENTITY_REQ EMM_IDENTITY_RES EMM_AUTH_REQ EMM_AUTH_RES RRC_SEC_MODE_CMD EMM_SMC EMM_SMC_CMP RRC_SEC_MODE_CMP SHT4_NEWCTX EMM_ESM_INFO_REQ EMM_ESM_INFO_RES SHT2_CIPHERED EMM_ATTACH_ACCEPT EMM_ATTACH_CMP
1671,0,RRC_CONN_REQ RRC_CONN_SETUP RRC_CONN_SETUP_CMP RRC_UL_INFO_NAS EMM_ATTACH_REQ SHT0_PLAIN RRC_DL_INFO_NAS EMM_IDENTITY_REQ EMM_IDENTITY_RES EMM_AUTH_REQ EMM_AUTH_RES RRC_SEC_MODE_CMD EMM_SMC EMM_SMC_CMP RRC_SEC_MODE_CMP SHT4_NEWCTX EMM_ESM_INFO_REQ EMM_ESM_INFO_RES SHT2_CIPHERED EMM_ATTACH_ACCEPT EMM_ATTACH_CMP
1783,0,RRC_CONN_REQ RRC_CONN_SETUP RRC_CONN_SETUP_CMP EMM_ATTACH_REQ SHT0_PLAIN RRC_DL_INFO_NAS RF_REFPOWER_HIGH RF_TAC_CHANGE EMM_IDENTITY_REQ EMM_IDENTITY_RES EMM_IDENTITY_REQ EMM_IDENTITY_RES SHT0_PLAIN EMM_ATTACH_ACCEPT EMM_ATTACH_REJECT
1878,0,RRC_CONN_REQ RRC_CONN_SETUP RRC_CONN_SETUP_CMP RRC_UL_INFO_NAS EMM_ATTACH_REQ SHT0_PLAIN RRC_DL_INFO_NAS EMM_IDENTITY_REQ EMM_IDENTITY_RES EMM_AUTH_REQ EMM_AUTH_RES RRC_SEC_MODE_CMD EMM_SMC EMM_SMC_CMP RRC_SEC_MODE_CMP SHT4_NEWCTX EMM_ESM_INFO_REQ EMM_ESM_INFO_RES SHT2_CIPHERED EMM_ATTACH_ACCEPT EMM_ATTACH_CMP
1584,0,RRC_CONN_REQ RRC_CONN_SETUP RRC_CONN_SETUP_CMP RRC_UL_INFO_NAS EMM_ATTACH_REQ SHT0_PLAIN RRC_DL_INFO_NAS EMM_IDENTITY_REQ EMM_IDENTITY_RES EMM_AUTH_REQ EMM_AUTH_RES RRC_SEC_MODE_CMD EMM_SMC EMM_SMC_CMP RRC_SEC_MODE_CMP SHT4_NEWCTX EMM_ESM_INFO_REQ EMM_ESM_INFO_RES SHT2_CIPHERED EMM_ATTACH_ACCEPT EMM_ATTACH_CMP
1474,0,RRC_CONN_REQ RRC_CONN_SETUP RRC_CONN_SETUP_CMP RRC_UL_INFO_NAS EMM_ATTACH_REQ SHT0_PLAIN RRC_DL_INFO_NAS RF_REFPOWER_HIGH EMM_IDENTITY_REQ EMM_IDENTITY_RES EMM_SMC EMM_SMC_CMP SHT0_PLAIN EMM_ATTACH_ACCEPT
1058,0,RRC_CONN_REQ RRC_CONN_SETUP RRC_CONN_SETUP_CMP RRC_UL_INFO_NAS EMM_ATTACH_REQ SHT0_PLAIN RRC_DL_INFO_NAS EMM_IDENTITY_REQ EMM_IDENTITY_RES EMM_AUTH_REQ EMM_AUTH_RES RRC_SEC_MODE_CMD EMM_SMC EMM_SMC_CMP RRC_SEC_MODE_CMP SHT4_NEWCTX EMM_ESM_INFO_REQ EMM_ESM_INFO_RES SHT2_CIPHERED EMM_ATTACH_ACCEPT EMM_ATTACH_CMP
1945,0,RRC_CONN_REQ RRC_CONN_SETUP RRC_CONN_SETUP_CMP RRC_UL_INFO_NAS EMM_ATTACH_REQ SHT0_PLAIN RRC_DL_INFO_NAS EMM_AUTH_REQ EMM_AUTH_RES RRC_SEC_MODE_CMD EMM_SMC EMM_SMC_CMP RRC_SEC_MODE_CMP SHT4_NEWCTX EMM_ESM_INFO_REQ EMM_ESM_INFO_RES SHT2_CIPHERED EMM_ATTACH_ACCEPT EMM_ATTACH_CMP
771,0,RRC_CONN_REQ RRC_CONN_SETUP RRC_CONN_SETUP_CMP RRC_UL_INFO_NAS EMM_ATTACH_REQ SHT0_PLAIN RRC_DL_INFO_NAS EMM_IDENTITY_REQ EMM_IDENTITY_RES EMM_AUTH_REQ EMM_AUTH_RES RRC_SEC_MODE_CMD EMM_SMC EMM_SMC_CMP RRC_SEC_MODE_CMP SHT4_NEWCTX EMM_ESM_INFO_REQ EMM_ESM_INFO_RES SHT2_CIPHERED EMM_ATTACH_ACCEPT EMM_ATTACH_CMP
2084,0,RRC_CONN_REQ RRC_CONN_SETUP RRC_CONN_SETUP_CMP RRC_UL_INFO_NAS EMM_ATTACH_REQ SHT0_PLAIN RRC_DL_INFO_NAS EMM_AUTH_REQ EMM_AUTH_RES RRC_SEC_MODE_CMD EMM_SMC EMM_SMC_CMP RRC_SEC_MODE_CMP SHT4_NEWCTX EMM_ESM_INFO_REQ EMM_ESM_INFO_RES SHT2_CIPHERED EMM_ATTACH_ACCEPT EMM_ATTACH_CMP
601,0,RRC_CONN_REQ RRC_CONN_SETUP RRC_CONN_SETUP_CMP RRC_UL_INFO_NAS EMM_ATTACH_REQ SHT0_PLAIN RRC_DL_INFO_NAS EMM_IDENTITY_REQ EMM_IDENTITY_RES EMM_AUTH_REQ EMM_AUTH_RES RRC_SEC_MODE_CMD EMM_SMC EMM_SMC_CMP RRC_SEC_MODE_CMP RF_TAC_CHANGE SHT4_NEWCTX EMM_ESM_INFO_REQ EMM_ESM_INFO_RES SHT2_CIPHERED EMM_ATTACH_ACCEPT EMM_ATTACH_CMP
1756,0,RRC_CONN_REQ RRC_CONN_SETUP RRC_CONN_SETUP_CMP RRC_UL_INFO_NAS EMM_ATTACH_REQ SHT0_PLAIN RRC_DL_INFO_NAS EMM_IDENTITY_REQ EMM_IDENTITY_RES EMM_AUTH_REQ EMM_AUTH_RES RRC_SEC_MODE_CMD EMM_SMC EMM_SMC_CMP RRC_SEC_MODE_CMP SHT4_NEWCTX EMM_ESM_INFO_REQ EMM_ESM_INFO_RES SHT2_CIPHERED EMM_ATTACH_ACCEPT EMM_ATTACH_CMP
2002,0,RRC_CONN_REQ RRC_CONN_SETUP RRC_CONN_SETUP_CMP RRC_UL_INFO_NAS EMM_ATTACH_REQ SHT0_PLAIN RRC_DL_INFO_NAS EMM_IDENTITY_REQ EMM_IDENTITY_RES EMM_AUTH_REQ EMM_AUTH_RES RRC_SEC_MODE_CMD EMM_SMC EMM_SMC_CMP RRC_SEC_MODE_CMP SHT4_NEWCTX EMM_ESM_INFO_REQ EMM_ESM_INFO_RES SHT2_CIPHERED EMM_ATTACH_ACCEPT EMM_ATTACH_CMP
2228,0,RRC_CONN_REQ RRC_CONN_SETUP RRC_CONN_SETUP_CMP RRC_UL_INFO_NAS EMM_ATTACH_REQ SHT0_PLAIN RRC_DL_INFO_NAS EMM_IDENTITY_REQ EMM_IDENTITY_RES EMM_AUTH_REQ EMM_AUTH_RES RRC_SEC_MODE_CMD EMM_SMC EMM_SMC_CMP RRC_SEC_MODE_CMP SHT4_NEWCTX EMM_ESM_INFO_REQ EMM_ESM_INFO_RES SHT2_CIPHERED EMM_ATTACH_ACCEPT EMM_ATTACH_CMP
1300,0,RRC_CONN_REQ RRC_CONN_SETUP RRC_CONN_SETUP_CMP RRC_UL_INFO_NAS EMM_ATTACH_REQ SHT0_PLAIN RRC_DL_INFO_NAS EMM_IDENTITY_REQ EMM_IDENTITY_RES EMM_AUTH_REQ EMM_AUTH_RES RRC_SEC_MODE_CMD EMM_SMC EMM_SMC_CMP RRC_SEC_MODE_CMP SHT4_NEWCTX EMM_ESM_INFO_REQ EMM_ESM_INFO_RES SHT2_CIPHERED EMM_ATTACH_ACCEPT EMM_ATTACH_CMP
1453,0,RRC_CONN_REQ RRC_CONN_SETUP RRC_CONN_SETUP_CMP RRC_UL_INFO_NAS EMM_ATTACH_REQ SHT0_PLAIN RRC_DL_INFO_NAS EMM_IDENTITY_REQ EMM_IDENTITY_RES EMM_AUTH_REQ EMM_AUTH_RES RRC_SEC_MODE_CMD EMM_SMC EMM_SMC_CMP RRC_SEC_MODE_CMP SHT4_NEWCTX EMM_ESM_INFO_REQ EMM_ESM_INFO_RES SHT2_CIPHERED EMM_ATTACH_ACCEPT EMM_ATTACH_CMP
1963,0,RRC_CONN_REQ RRC_CONN_SETUP RRC_CONN_SETUP_CMP RRC_UL_INFO_NAS EMM_ATTACH_REQ SHT0_PLAIN RRC_DL_INFO_NAS EMM_IDENTITY_REQ EMM_IDENTITY_RES EMM_AUTH_REQ EMM_AUTH_RES RRC_SEC_MODE_CMD EMM_SMC EMM_SMC_CMP RRC_SEC_MODE_CMP SHT4_NEWCTX EMM_ESM_INFO_REQ EMM_ESM_INFO_RES SHT2_CIPHERED EMM_ATTACH_ACCEPT EMM_ATTACH_CMP
1901,0,RRC_CONN_REQ RRC_CONN_SETUP RRC_CONN_SETUP_CMP RRC_UL_INFO_NAS EMM_ATTACH_REQ SHT0_PLAIN RRC_DL_INFO_NAS EMM_AUTH_REQ EMM_AUTH_RES RRC_SEC_MODE_CMD EMM_SMC EMM_SMC_CMP RRC_SEC_MODE_CMP SHT4_NEWCTX EMM_ESM_INFO_REQ EMM_ESM_INFO_RES SHT2_CIPHERED EMM_ATTACH_ACCEPT EMM_ATTACH_CMP
569,0,RRC_CONN_REQ RRC_CONN_SETUP RRC_UL_INFO_NAS EMM_ATTACH_REQ SHT0_PLAIN RRC_DL_INFO_NAS EMM_IDENTITY_REQ EMM_IDENTITY_RES EMM_AUTH_REQ EMM_AUTH_RES RRC_SEC_MODE_CMD EMM_SMC EMM_SMC_CMP RRC_SEC_MODE_CMP SHT4_NEWCTX EMM_ESM_INFO_REQ EMM_ESM_INFO_RES RF_TAC_CHANGE SHT2_CIPHERED EMM_ATTACH_ACCEPT EMM_ATTACH_CMP
2226,0,RRC_CONN_REQ RRC_CONN_SETUP RRC_CONN_SETUP_CMP RRC_UL_INFO_NAS SHT0_PLAIN RRC_DL_INFO_NAS EMM_AUTH_REQ EMM_AUTH_RES RRC_SEC_MODE_CMD EMM_SMC EMM_SMC_CMP RRC_SEC_MODE_CMP SHT4_NEWCTX EMM_ESM_INFO_REQ EMM_ESM_INFO_RES SHT2_CIPHERED EMM_ATTACH_ACCEPT EMM_ATTACH_CMP
2095,0,RRC_CONN_REQ RRC_CONN_SETUP RRC_CONN_SETUP_CMP RRC_UL_INFO_NAS EMM_ATTACH_REQ SHT0_PLAIN RRC_DL_INFO_NAS EMM_IDENTITY_REQ EMM_IDENTITY_RES EMM_AUTH_REQ EMM_AUTH_RES RRC_SEC_MODE_CMD EMM_SMC EMM_SMC_CMP RRC_SEC_MODE_CMP SHT4_NEWCTX EMM_ESM_INFO_REQ EMM_ESM_INFO_RES SHT2_CIPHERED EMM_ATTACH_ACCEPT EMM_ATTACH_CMP
1104,0,RRC_CONN_REQ RRC_CONN_SETUP RRC_CONN_SETUP_CMP RRC_UL_INFO_NAS EMM_ATTACH_REQ RF_TAC_CHANGE SHT0_PLAIN RRC_DL_INFO_NAS EMM_IDENTITY_REQ EMM_IDENTITY_RES EMM_AUTH_REQ EMM_AUTH_RES RRC_SEC_MODE_CMD EMM_SMC EMM_SMC_CMP RRC_SEC_MODE_CMP SHT4_NEWCTX EMM_ESM_INFO_REQ EMM_ESM_INFO_RES SHT2_CIPHERED EMM_ATTACH_ACCEPT EMM_ATTACH_CMP
1016,0,RRC_CONN_REQ RRC_CONN_SETUP RRC_CONN_SETUP_CMP RRC_UL_INFO_NAS EMM_ATTACH_REQ SHT0_PLAIN RRC_DL_INFO_NAS EMM_IDENTITY_REQ EMM_IDENTITY_RES EMM_AUTH_REQ EMM_AUTH_RES RRC_SEC_MODE_CMD EMM_SMC EMM_SMC_CMP RRC_SEC_MODE_CMP SHT4_NEWCTX EMM_ESM_INFO_REQ EMM_ESM_INFO_RES SHT2_CIPHERED EMM_ATTACH_ACCEPT EMM_ATTACH_CMP
2310,0,RRC_CONN_REQ RRC_CONN_SETUP RRC_CONN_SETUP_CMP RRC_UL_INFO_NAS EMM_ATTACH_REQ SHT0_PLAIN RRC_DL_INFO_NAS EMM_IDENTITY_REQ EMM_IDENTITY_RES EMM_AUTH_REQ EMM_AUTH_RES RRC_SEC_MODE_CMD EMM_SMC EMM_SMC_CMP RRC_SEC_MODE_CMP SHT4_NEWCTX EMM_ESM_INFO_REQ EMM_ESM_INFO_RES SHT2_CIPHERED EMM_ATTACH_ACCEPT EMM_ATTACH_CMP
1532,0,RRC_CONN_REQ RRC_CONN_SETUP RRC_CONN_SETUP_CMP RRC_UL_INFO_NAS EMM_ATTACH_REQ SHT0_PLAIN RRC_DL_INFO_NAS EMM_IDENTITY_REQ EMM_IDENTITY_RES EMM_AUTH_REQ EMM_AUTH_RES RRC_SEC_MODE_CMD EMM_SMC EMM_SMC_CMP RRC_SEC_MODE_CMP SHT4_NEWCTX EMM_ESM_INFO_REQ EMM_ESM_INFO_RES SHT2_CIPHERED EMM_ATTACH_ACCEPT EMM_ATTACH_CMP
1725,0,RRC_CONN_REQ RRC_CONN_SETUP RRC_CONN_SETUP_CMP RRC_UL_INFO_NAS EMM_ATTACH_REQ SHT0_PLAIN RRC_DL_INFO_NAS EMM_IDENTITY_REQ EMM_IDENTITY_RES EMM_AUTH_REQ EMM_AUTH_RES RRC_SEC_MODE_CMD EMM_SMC EMM_SMC_CMP RRC_SEC_MODE_CMP SHT4_NEWCTX EMM_ESM_INFO_REQ EMM_ESM_INFO_RES SHT2_CIPHERED EMM_ATTACH_ACCEPT EMM_ATTACH_CMP
1194,0,RRC_CONN_REQ RRC_CONN_SETUP RRC_CONN_SETUP_CMP RRC_UL_INFO_NAS EMM_ATTACH_REQ SHT0_PLAIN RRC_DL_INFO_NAS EMM_IDENTITY_REQ EMM_IDENTITY_RES EMM_AUTH_REQ EMM_AUTH_RES RRC_SEC_MODE_CMD EMM_SMC EMM_SMC_CMP RRC_SEC_MODE_CMP SHT4_NEWCTX EMM_ESM_INFO_REQ EMM_ESM_INFO_RES SHT2_CIPHERED EMM_ATTACH_ACCEPT EMM_ATTACH_CMP
1454,0,RRC_CONN_REQ RRC_CONN_SETUP RRC_CONN_SETUP_CMP RRC_UL_INFO_NAS EMM_ATTACH_REQ SHT0_PLAIN RRC_DL_INFO_NAS EMM_IDENTITY_REQ EMM_IDENTITY_RES EMM_AUTH_REQ EMM_AUTH_RES RRC_SEC_MODE_CMD EMM_SMC EMM_SMC_CMP RRC_SEC_MODE_CMP SHT4_NEWCTX EMM_ESM_INFO_REQ EMM_ESM_INFO_RES SHT2_CIPHERED EMM_ATTACH_ACCEPT EMM_ATTACH_CMP
1771,0,RRC_CONN_REQ RRC_CONN_SETUP RRC_CONN_SETUP_CMP RRC_UL_INFO_NAS EMM_ATTACH_REQ SHT0_PLAIN RRC_DL_INFO_NAS EMM_IDENTITY_REQ EMM_IDENTITY_RES EMM_AUTH_REQ EMM_AUTH_RES RRC_SEC_MODE_CMD EMM_SMC EMM_SMC_CMP RRC_SEC_MODE_CMP EMM_ESM_INFO_REQ EMM_ESM_INFO_RES SHT2_CIPHERED EMM_ATTACH_ACCEPT EMM_ATTACH_CMP
1832,0,RRC_CONN_REQ RRC_CONN_SETUP RRC_CONN_SETUP_CMP RRC_UL_INFO_NAS EMM_ATTACH_REQ SHT0_PLAIN RRC_DL_INFO_NAS EMM_IDENTITY_REQ EMM_IDENTITY_RES EMM_AUTH_REQ EMM_AUTH_RES RRC_SEC_MODE_CMD EMM_SMC EMM_SMC_CMP RRC_SEC_MODE_CMP SHT4_NEWCTX EMM_ESM_INFO_REQ EMM_ESM_INFO_RES SHT2_CIPHERED EMM_ATTACH_ACCEPT EMM_ATTACH_CMP
2489,0,RRC_CONN_REQ RRC_CONN_SETUP RRC_CONN_SETUP_CMP RRC_UL_INFO_NAS EMM_ATTACH_REQ SHT0_PLAIN RRC_DL_INFO_NAS RF_TAC_CHANGE EMM_IDENTITY_REQ EMM_IDENTITY_RES EMM_SMC EMM_SMC_CMP SHT0_PLAIN EMM_ATTACH_ACCEPT EMM_ATTACH_CMP
1633,0,RRC_CONN_REQ RRC_CONN_SETUP RRC_CONN_SETUP_CMP RRC_UL_INFO_NAS EMM_ATTACH_REQ SHT0_PLAIN RRC_DL_INFO_NAS EMM_AUTH_REQ EMM_AUTH_RES RRC_SEC_MODE_CMD EMM_SMC EMM_SMC_CMP RRC_SEC_MODE_CMP SHT4_NEWCTX EMM_ESM_INFO_REQ EMM_ESM_INFO_RES SHT2_CIPHERED EMM_ATTACH_ACCEPT EMM_ATTACH_CMP
2401,0,RRC_CONN_REQ RRC_CONN_SETUP RRC_CONN_SETUP_CMP RRC_UL_INFO_NAS EMM_ATTACH_REQ SHT0_PLAIN RRC_DL_INFO_NAS EMM_IDENTITY_REQ EMM_AUTH_REQ EMM_AUTH_RES RRC_SEC_MODE_CMD EMM_SMC EMM_SMC_CMP RRC_SEC_MODE_CMP SHT4_NEWCTX EMM_ESM_INFO_REQ EMM_ESM_INFO_RES SHT2_CIPHERED EMM_ATTACH_ACCEPT EMM_ATTACH_CMP
1177,0,RRC_CONN_REQ RRC_CONN_SETUP RRC_CONN_SETUP_CMP RRC_UL_INFO_NAS EMM_ATTACH_REQ SHT0_PLAIN RRC_DL_INFO_NAS EMM_IDENTITY_REQ EMM_IDENTITY_RES EMM_AUTH_REQ EMM_AUTH_RES RRC_SEC_MODE_CMD EMM_SMC EMM_SMC_CMP RRC_SEC_MODE_CMP SHT4_NEWCTX EMM_ESM_INFO_REQ EMM_ESM_INFO_RES SHT2_CIPHERED EMM_ATTACH_ACCEPT EMM_ATTACH_CMP
1032,0,RRC_CONN_REQ RRC_CONN_SETUP RRC_CONN_SETUP_CMP RRC_UL_INFO_NAS EMM_ATTACH_REQ SHT0_PLAIN RRC_DL_INFO_NAS EMM_IDENTITY_REQ EMM_IDENTITY_RES EMM_AUTH_REQ EMM_AUTH_RES RRC_SEC_MODE_CMD EMM_SMC EMM_SMC_CMP RRC_SEC_MODE_CMP SHT4_NEWCTX EMM_ESM_INFO_REQ EMM_ESM_INFO_RES SHT2_CIPHERED EMM_ATTACH_ACCEPT EMM_ATTACH_CMP
2410,0,RRC_CONN_REQ RRC_CONN_SETUP RRC_CONN_SETUP_CMP RRC_UL_INFO_NAS EMM_ATTACH_REQ SHT0_PLAIN RRC_DL_INFO_NAS EMM_IDENTITY_REQ EMM_IDENTITY_RES EMM_AUTH_REQ EMM_AUTH_RES RRC_SEC_MODE_CMD EMM_SMC EMM_SMC_CMP RRC_SEC_MODE_CMP SHT4_NEWCTX EMM_ESM_INFO_REQ EMM_ESM_INFO_RES SHT2_CIPHERED EMM_ATTACH_ACCEPT EMM_ATTACH_CMP
2397,0,RRC_CONN_REQ RRC_CONN_SETUP RRC_CONN_SETUP_CMP RRC_UL_INFO_NAS EMM_ATTACH_REQ SHT0_PLAIN RRC_DL_INFO_NAS RF_TAC_CHANGE EMM_IDENTITY_REQ EMM_IDENTITY_RES EMM_IDENTITY_REQ EMM_IDENTITY_RES RRC_SEC_MODE_CMD EMM_SMC_NULL EMM_SMC_CMP SHT0_PLAIN EMM_ATTACH_ACCEPT
886,0,RRC_CONN_REQ RRC_CONN_SETUP RRC_CONN_SETUP_CMP RRC_UL_INFO_NAS EMM_ATTACH_REQ SHT0_PLAIN RRC_DL_INFO_NAS EMM_IDENTITY_REQ EMM_IDENTITY_RES EMM_AUTH_REQ EMM_AUTH_RES RRC_SEC_MODE_CMD RF_TAC_CHANGE EMM_SMC EMM_SMC_CMP RRC_SEC_MODE_CMP SHT4_NEWCTX EMM_ESM_INFO_REQ EMM_ESM_INFO_RES SHT2_CIPHERED EMM_ATTACH_ACCEPT EMM_ATTACH_CMP
1989,0,RRC_CONN_REQ RRC_CONN_SETUP RRC_CONN_SETUP_CMP RRC_UL_INFO_NAS RF_TAC_CHANGE EMM_ATTACH_REQ SHT0_PLAIN RRC_DL_INFO_NAS EMM_IDENTITY_REQ EMM_IDENTITY_RES EMM_AUTH_REQ EMM_AUTH_RES RRC_SEC_MODE_CMD EMM_SMC EMM_SMC_CMP RRC_SEC_MODE_CMP SHT4_NEWCTX EMM_ESM_INFO_REQ EMM_ESM_INFO_RES SHT2_CIPHERED EMM_ATTACH_ACCEPT EMM_ATTACH_CMP
1798,0,RRC_CONN_REQ RRC_CONN_SETUP RRC_CONN_SETUP_CMP RRC_UL_INFO_NAS EMM_ATTACH_REQ SHT0_PLAIN RRC_DL_INFO_NAS EMM_AUTH_REQ EMM_AUTH_RES RRC_SEC_MODE_CMD EMM_SMC EMM_SMC_CMP RRC_SEC_MODE_CMP SHT4_NEWCTX EMM_ESM_INFO_REQ EMM_ESM_INFO_RES SHT2_CIPHERED EMM_ATTACH_ACCEPT EMM_ATTACH_CMP
1678,0,RRC_CONN_REQ RRC_CONN_SETUP_CMP RRC_UL_INFO_NAS EMM_ATTACH_REQ SHT0_PLAIN RRC_DL_INFO_NAS RF_TAC_CHANGE EMM_IDENTITY_REQ EMM_IDENTITY_RES EMM_AUTH_REQ EMM_AUTH_RES RRC_SEC_MODE_CMD EMM_SMC EMM_SMC_CMP RRC_SEC_MODE_CMP SHT4_NEWCTX EMM_ESM_INFO_REQ EMM_ESM_INFO_RES SHT2_CIPHERED EMM_ATTACH_ACCEPT EMM_ATTACH_CMP
1414,0,RRC_CONN_REQ RRC_CONN_SETUP RRC_CONN_SETUP_CMP RRC_UL_INFO_NAS EMM_ATTACH_REQ SHT0_PLAIN RRC_DL_INFO_NAS EMM_IDENTITY_REQ EMM_IDENTITY_RES EMM_AUTH_REQ EMM_AUTH_RES RRC_SEC_MODE_CMD EMM_SMC EMM_SMC_CMP RRC_SEC_MODE_CMP SHT4_NEWCTX EMM_ESM_INFO_REQ EMM_ESM_INFO_RES SHT2_CIPHERED EMM_ATTACH_ACCEPT EMM_ATTACH_CMP
2346,0,RRC_CONN_REQ RRC_CONN_SETUP RRC_CONN_SETUP_CMP RRC_UL_INFO_NAS EMM_ATTACH_REQ SHT0_PLAIN RRC_DL_INFO_NAS EMM_IDENTITY_REQ EMM_IDENTITY_RES EMM_AUTH_REQ EMM_AUTH_RES EMM_SMC EMM_SMC_CMP RRC_SEC_MODE_CMP SHT4_NEWCTX EMM_ESM_INFO_REQ EMM_ESM_INFO_RES SHT2_CIPHERED EMM_ATTACH_ACCEPT EMM_ATTACH_CMP
2048,0,RRC_CONN_REQ RRC_CONN_SETUP RRC_CONN_SETUP_CMP RRC_UL_INFO_NAS EMM_ATTACH_REQ SHT0_PLAIN RRC_DL_INFO_NAS EMM_IDENTITY_REQ EMM_IDENTITY_RES EMM_AUTH_REQ EMM_AUTH_RES RRC_SEC_MODE_CMD EMM_SMC EMM_SMC_CMP RRC_SEC_MODE_CMP SHT4_NEWCTX EMM_ESM_INFO_REQ EMM_ESM_INFO_RES SHT2_CIPHERED EMM_ATTACH_ACCEPT EMM_ATTACH_CMP
1153,0,RRC_CONN_REQ RRC_CONN_SETUP RRC_CONN_SETUP_CMP RRC_UL_INFO_NAS EMM_ATTACH_REQ SHT0_PLAIN RRC_DL_INFO_NAS EMM_IDENTITY_REQ EMM_IDENTITY_RES EMM_AUTH_REQ EMM_AUTH_RES RRC_SEC_MODE_CMD EMM_SMC EMM_SMC_CMP RRC_SEC_MODE_CMP SHT4_NEWCTX EMM_ESM_INFO_REQ EMM_ESM_INFO_RES SHT2_CIPHERED EMM_ATTACH_ACCEPT EMM_ATTACH_CMP
1621,0,RRC_CONN_REQ RRC_CONN_SETUP RRC_CONN_SETUP_CMP RRC_UL_INFO_NAS EMM_ATTACH_REQ SHT0_PLAIN RRC_DL_INFO_NAS EMM_AUTH_REQ EMM_AUTH_RES RRC_SEC_MODE_CMD EMM_SMC EMM_SMC_CMP RRC_SEC_MODE_CMP SHT4_NEWCTX EMM_ESM_INFO_REQ EMM_ESM_INFO_RES SHT2_CIPHERED EMM_ATTACH_ACCEPT EMM_ATTACH_CMP
1679,0,RRC_CONN_REQ RRC_CONN_SETUP RRC_CONN_SETUP_CMP RRC_UL_INFO_NAS EMM_ATTACH_REQ SHT0_PLAIN RRC_DL_INFO_NAS EMM_IDENTITY_REQ EMM_IDENTITY_RES EMM_AUTH_REQ EMM_AUTH_RES RRC_SEC_MODE_CMD EMM_SMC EMM_SMC_CMP RRC_SEC_MODE_CMP SHT4_NEWCTX EMM_ESM_INFO_REQ EMM_ESM_INFO_RES SHT2_CIPHERED EMM_ATTACH_ACCEPT EMM_ATTACH_CMP
2375,0,RRC_CONN_REQ RRC_CONN_SETUP RRC_CONN_SETUP_CMP RRC_UL_INFO_NAS EMM_ATTACH_REQ SHT0_PLAIN RRC_DL_INFO_NAS EMM_IDENTITY_REQ EMM_IDENTITY_RES EMM_AUTH_REQ EMM_AUTH_RES RRC_SEC_MODE_CMD EMM_SMC EMM_SMC_CMP RRC_SEC_MODE_CMP SHT4_NEWCTX EMM_ESM_INFO_REQ EMM_ESM_INFO_RES SHT2_CIPHERED EMM_ATTACH_ACCEPT EMM_ATTACH_CMP
546,0,RRC_CONN_REQ RRC_CONN_SETUP RRC_CONN_SETUP_CMP RRC_UL_INFO_NAS EMM_ATTACH_REQ SHT0_PLAIN RRC_DL_INFO_NAS EMM_IDENTITY_REQ EMM_IDENTITY_RES EMM_AUTH_REQ EMM_AUTH_RES RRC_SEC_MODE_CMD EMM_SMC EMM_SMC_CMP RRC_SEC_MODE_CMP SHT4_NEWCTX EMM_ESM_INFO_REQ EMM_ESM_INFO_RES SHT2_CIPHERED EMM_ATTACH_ACCEPT EMM_ATTACH_CMP
1906,0,RRC_CONN_REQ RRC_CONN_SETUP RRC_CONN_SETUP_CMP RRC_UL_INFO_NAS EMM_ATTACH_REQ SHT0_PLAIN RRC_DL_INFO_NAS EMM_IDENTITY_REQ EMM_IDENTITY_RES EMM_AUTH_REQ EMM_AUTH_RES RRC_SEC_MODE_CMD EMM_SMC RF_TAC_CHANGE EMM_SMC_CMP RRC_SEC_MODE_CMP SHT4_NEWCTX EMM_ESM_INFO_REQ EMM_ESM_INFO_RES SHT2_CIPHERED EMM_ATTACH_ACCEPT EMM_ATTACH_CMP
969,0,RRC_CONN_REQ RRC_CONN_SETUP RRC_CONN_SETUP_CMP RRC_UL_INFO_NAS EMM_ATTACH_REQ SHT0_PLAIN RRC_DL_INFO_NAS EMM_IDENTITY_REQ EMM_IDENTITY_RES EMM_AUTH_REQ EMM_AUTH_RES RRC_SEC_MODE_CMD EMM_SMC EMM_SMC_CMP RRC_SEC_MODE_CMP SHT4_NEWCTX EMM_ESM_INFO_REQ EMM_ESM_INFO_RES SHT2_CIPHERED EMM_ATTACH_ACCEPT EMM_ATTACH_CMP
1362,0,RRC_CONN_REQ RRC_CONN_SETUP RRC_CONN_SETUP_CMP RRC_UL_INFO_NAS EMM_ATTACH_REQ SHT0_PLAIN RRC_DL_INFO_NAS EMM_IDENTITY_REQ EMM_IDENTITY_RES EMM_AUTH_REQ EMM_AUTH_RES RRC_SEC_MODE_CMD EMM_SMC EMM_SMC_CMP RRC_SEC_MODE_CMP SHT4_NEWCTX EMM_ESM_INFO_REQ EMM_ESM_INFO_RES SHT2_CIPHERED EMM_ATTACH_ACCEPT EMM_ATTACH_CMP
1233,0,RRC_CONN_REQ RRC_CONN_SETUP RRC_CONN_SETUP_CMP RRC_UL_INFO_NAS EMM_ATTACH_REQ SHT0_PLAIN RRC_DL_INFO_NAS RF_REFPOWER_HIGH RF_TAC_CHANGE EMM_IDENTITY_REQ EMM_IDENTITY_RES EMM_IDENTITY_REQ EMM_IDENTITY_RES SHT0_PLAIN EMM_ATTACH_ACCEPT EMM_ATTACH_CMP
1371,0,RRC_CONN_REQ RRC_CONN_SETUP RRC_CONN_SETUP_CMP RRC_UL_INFO_NAS EMM_ATTACH_REQ SHT0_PLAIN RRC_DL_INFO_NAS EMM_IDENTITY_REQ EMM_IDENTITY_RES EMM_AUTH_REQ EMM_AUTH_RES RRC_SEC_MODE_CMD EMM_SMC EMM_SMC_CMP RRC_SEC_MODE_CMP SHT4_NEWCTX EMM_ESM_INFO_REQ EMM_ESM_INFO_RES SHT2_CIPHERED EMM_ATTACH_ACCEPT RF_TAC_CHANGE EMM_ATTACH_CMP
1345,0,RRC_CONN_REQ RRC_CONN_SETUP RRC_CONN_SETUP_CMP RRC_UL_INFO_NAS EMM_ATTACH_REQ SHT0_PLAIN RRC_DL_INFO_NAS EMM_IDENTITY_REQ EMM_IDENTITY_RES EMM_AUTH_REQ EMM_AUTH_RES RRC_SEC_MODE_CMD RF_TAC_CHANGE EMM_SMC EMM_SMC_CMP RRC_SEC_MODE_CMP SHT4_NEWCTX EMM_ESM_INFO_REQ EMM_ESM_INFO_RES SHT2_CIPHERED EMM_ATTACH_ACCEPT EMM_ATTACH_CMP
761,0,RRC_CONN_REQ RRC_CONN_SETUP RRC_CONN_SETUP_CMP RRC_UL_INFO_NAS EMM_ATTACH_REQ SHT0_PLAIN RRC_DL_INFO_NAS EMM_IDENTITY_REQ EMM_IDENTITY_RES EMM_AUTH_REQ EMM_AUTH_RES RRC_SEC_MODE_CMD EMM_SMC EMM_SMC_CMP RRC_SEC_MODE_CMP SHT4_NEWCTX EMM_ESM_INFO_REQ EMM_ESM_INFO_RES SHT2_CIPHERED EMM_ATTACH_ACCEPT EMM_ATTACH_CMP
2213,0,RRC_CONN_REQ RRC_CONN_SETUP RRC_CONN_SETUP_CMP RRC_UL_INFO_NAS EMM_ATTACH_REQ SHT0_PLAIN RRC_DL_INFO_NAS EMM_IDENTITY_REQ EMM_IDENTITY_RES EMM_AUTH_REQ EMM_AUTH_RES RRC_SEC_MODE_CMD EMM_SMC EMM_SMC_CMP RRC_SEC_MODE_CMP SHT4_NEWCTX EMM_ESM_INFO_REQ EMM_ESM_INFO_RES SHT2_CIPHERED EMM_ATTACH_ACCEPT EMM_ATTACH_CMP
1493,0,RRC_CONN_REQ RRC_CONN_SETUP RRC_CONN_SETUP_CMP RRC_UL_INFO_NAS EMM_ATTACH_REQ SHT0_PLAIN RRC_DL_INFO_NAS EMM_IDENTITY_REQ EMM_IDENTITY_RES EMM_AUTH_REQ EMM_AUTH_RES RRC_SEC_MODE_CMD EMM_SMC EMM_SMC_CMP RF_TAC_CHANGE RRC_SEC_MODE_CMP SHT4_NEWCTX EMM_ESM_INFO_REQ EMM_ESM_INFO_RES SHT2_CIPHERED EMM_ATTACH_ACCEPT EMM_ATTACH_CMP
1183,0,RRC_CONN_REQ RRC_CONN_SETUP RRC_CONN_SETUP_CMP RRC_UL_INFO_NAS EMM_ATTACH_REQ SHT0_PLAIN RRC_DL_INFO_NAS EMM_IDENTITY_REQ EMM_IDENTITY_RES EMM_AUTH_REQ EMM_AUTH_RES RRC_SEC_MODE_CMD EMM_SMC EMM_SMC_CMP RRC_SEC_MODE_CMP SHT4_NEWCTX EMM_ESM_INFO_REQ EMM_ESM_INFO_RES SHT2_CIPHERED EMM_ATTACH_ACCEPT EMM_ATTACH_CMP
1442,0,RRC_CONN_REQ RRC_CONN_SETUP RRC_CONN_SETUP_CMP RRC_UL_INFO_NAS EMM_ATTACH_REQ SHT0_PLAIN RRC_DL_INFO_NAS EMM_IDENTITY_REQ EMM_IDENTITY_RES EMM_AUTH_REQ EMM_AUTH_RES RRC_SEC_MODE_CMD EMM_SMC EMM_SMC_CMP RRC_SEC_MODE_CMP SHT4_NEWCTX EMM_ESM_INFO_REQ EMM_ESM_INFO_RES SHT2_CIPHERED EMM_ATTACH_ACCEPT EMM_ATTACH_CMP
2318,0,RRC_CONN_REQ RRC_CONN_SETUP RRC_CONN_SETUP_CMP RRC_UL_INFO_NAS EMM_ATTACH_REQ SHT0_PLAIN RF_TAC_CHANGE RRC_DL_INFO_NAS EMM_IDENTITY_REQ EMM_IDENTITY_RES EMM_AUTH_REQ EMM_AUTH_RES RRC_SEC_MODE_CMD EMM_SMC EMM_SMC_CMP RRC_SEC_MODE_CMP SHT4_NEWCTX EMM_ESM_INFO_REQ EMM_ESM_INFO_RES SHT2_CIPHERED EMM_ATTACH_ACCEPT EMM_ATTACH_CMP
743,0,RRC_CONN_REQ RRC_CONN_SETUP RRC_CONN_SETUP_CMP RRC_UL_INFO_NAS EMM_ATTACH_REQ SHT0_PLAIN RRC_DL_INFO_NAS EMM_IDENTITY_REQ EMM_IDENTITY_RES EMM_AUTH_REQ EMM_AUTH_RES RRC_SEC_MODE_CMD EMM_SMC EMM_SMC_CMP RRC_SEC_MODE_CMP SHT4_NEWCTX EMM_ESM_INFO_REQ EMM_ESM_INFO_RES SHT2_CIPHERED EMM_ATTACH_ACCEPT EMM_ATTACH_CMP
1665,0,RRC_CONN_REQ RRC_CONN_SETUP RRC_CONN_SETUP_CMP RRC_UL_INFO_NAS EMM_ATTACH_REQ SHT0_PLAIN RRC_DL_INFO_NAS EMM_IDENTITY_REQ EMM_IDENTITY_RES EMM_AUTH_REQ EMM_AUTH_RES RRC_SEC_MODE_CMD EMM_SMC EMM_SMC_CMP RRC_SEC_MODE_CMP SHT4_NEWCTX EMM_ESM_INFO_REQ EMM_ESM_INFO_RES SHT2_CIPHERED EMM_ATTACH_ACCEPT EMM_ATTACH_CMP
2054,0,RRC_CONN_REQ RRC_CONN_SETUP RRC_CONN_SETUP_CMP RRC_UL_INFO_NAS EMM_ATTACH_REQ SHT0_PLAIN RRC_DL_INFO_NAS EMM_IDENTITY_REQ EMM_IDENTITY_RES EMM_AUTH_REQ EMM_AUTH_RES RRC_SEC_MODE_CMD EMM_SMC EMM_SMC_CMP RRC_SEC_MODE_CMP SHT4_NEWCTX EMM_ESM_INFO_REQ EMM_ESM_INFO_RES SHT2_CIPHERED EMM_ATTACH_ACCEPT EMM_ATTACH_CMP
1673,0,RRC_CONN_REQ RRC_CONN_SETUP_CMP RRC_UL_INFO_NAS EMM_ATTACH_REQ SHT0_PLAIN RRC_DL_INFO_NAS EMM_IDENTITY_REQ EMM_IDENTITY_RES EMM_AUTH_REQ EMM_AUTH_RES RRC_SEC_MODE_CMD EMM_SMC EMM_SMC_CMP RRC_SEC_MODE_CMP SHT4_NEWCTX EMM_ESM_INFO_REQ EMM_ESM_INFO_RES SHT2_CIPHERED EMM_ATTACH_ACCEPT EMM_ATTACH_CMP
1835,0,RRC_CONN_REQ RRC_CONN_SETUP RRC_CONN_SETUP_CMP RF_TAC_CHANGE RRC_UL_INFO_NAS EMM_ATTACH_REQ SHT0_PLAIN RRC_DL_INFO_NAS EMM_AUTH_REQ EMM_AUTH_RES RRC_SEC_MODE_CMD EMM_SMC EMM_SMC_CMP RRC_SEC_MODE_CMP SHT4_NEWCTX EMM_ESM_INFO_REQ EMM_ESM_INFO_RES SHT2_CIPHERED EMM_ATTACH_ACCEPT EMM_ATTACH_CMP
1067,0,RRC_CONN_REQ RRC_CONN_SETUP RRC_CONN_SETUP_CMP RRC_UL_INFO_NAS EMM_ATTACH_REQ SHT0_PLAIN RRC_DL_INFO_NAS EMM_IDENTITY_REQ EMM_IDENTITY_RES EMM_AUTH_REQ EMM_AUTH_RES RRC_SEC_MODE_CMD EMM_SMC EMM_SMC_CMP RRC_SEC_MODE_CMP SHT4_NEWCTX EMM_ESM_INFO_REQ EMM_ESM_INFO_RES SHT2_CIPHERED EMM_ATTACH_ACCEPT EMM_ATTACH_CMP
2334,0,RRC_CONN_REQ RRC_CONN_SETUP RRC_CONN_SETUP_CMP RRC_UL_INFO_NAS EMM_ATTACH_REQ SHT0_PLAIN EMM_IDENTITY_REQ EMM_IDENTITY_RES EMM_AUTH_REQ EMM_AUTH_RES RRC_SEC_MODE_CMD EMM_SMC EMM_SMC_CMP RRC_SEC_MODE_CMP SHT4_NEWCTX EMM_ESM_INFO_REQ EMM_ESM_INFO_RES SHT2_CIPHERED EMM_ATTACH_ACCEPT EMM_ATTACH_CMP
2237,0,RRC_CONN_REQ RRC_CONN_SETUP RRC_CONN_SETUP_CMP RRC_UL_INFO_NAS EMM_ATTACH_REQ SHT0_PLAIN RRC_DL_INFO_NAS EMM_IDENTITY_REQ EMM_IDENTITY_RES EMM_AUTH_REQ EMM_AUTH_RES RRC_SEC_MODE_CMD EMM_SMC EMM_SMC_CMP RRC_SEC_MODE_CMP SHT4_NEWCTX EMM_ESM_INFO_REQ EMM_ESM_INFO_RES SHT2_CIPHERED EMM_ATTACH_ACCEPT EMM_ATTACH_CMP
631,0,RRC_CONN_REQ RRC_CONN_SETUP RRC_CONN_SETUP_CMP RRC_UL_INFO_NAS EMM_ATTACH_REQ SHT0_PLAIN RRC_DL_INFO_NAS EMM_IDENTITY_REQ EMM_IDENTITY_RES EMM_AUTH_REQ EMM_AUTH_RES RRC_SEC_MODE_CMD EMM_SMC EMM_SMC_CMP RRC_SEC_MODE_CMP SHT4_NEWCTX EMM_ESM_INFO_REQ EMM_ESM_INFO_RES SHT2_CIPHERED EMM_ATTACH_ACCEPT EMM_ATTACH_CMP
2009,0,RRC_CONN_REQ RRC_CONN_SETUP RRC_CONN_SETUP_CMP RRC_UL_INFO_NAS EMM_ATTACH_REQ SHT0_PLAIN RRC_DL_INFO_NAS EMM_IDENTITY_RES EMM_AUTH_REQ EMM_AUTH_RES RRC_SEC_MODE_CMD EMM_SMC EMM_SMC_CMP RRC_SEC_MODE_CMP RF_TAC_CHANGE SHT4_NEWCTX EMM_ESM_INFO_REQ EMM_ESM_INFO_RES SHT2_CIPHERED EMM_ATTACH_ACCEPT EMM_ATTACH_CMP
882,0,RRC_CONN_REQ RRC_CONN_SETUP RRC_CONN_SETUP_CMP RRC_UL_INFO_NAS EMM_ATTACH_REQ SHT0_PLAIN RRC_DL_INFO_NAS EMM_AUTH_REQ EMM_AUTH_RES RRC_SEC_MODE_CMD EMM_SMC EMM_SMC_CMP RRC_SEC_MODE_CMP SHT4_NEWCTX EMM_ESM_INFO_REQ EMM_ESM_INFO_RES RF_TAC_CHANGE SHT2_CIPHERED EMM_ATTACH_ACCEPT EMM_ATTACH_CMP
1986,0,RRC_CONN_REQ RRC_CONN_SETUP RRC_CONN_SETUP_CMP RRC_UL_INFO_NAS EMM_ATTACH_REQ SHT0_PLAIN RRC_DL_INFO_NAS EMM_IDENTITY_REQ EMM_IDENTITY_RES EMM_AUTH_REQ EMM_AUTH_RES RRC_SEC_MODE_CMD EMM_SMC EMM_SMC_CMP RRC_SEC_MODE_CMP SHT4_NEWCTX EMM_ESM_INFO_REQ EMM_ESM_INFO_RES SHT2_CIPHERED EMM_ATTACH_ACCEPT EMM_ATTACH_CMP
1379,0,RRC_CONN_REQ RRC_CONN_SETUP RRC_CONN_SETUP_CMP RRC_UL_INFO_NAS EMM_ATTACH_REQ SHT0_PLAIN RRC_DL_INFO_NAS EMM_IDENTITY_REQ EMM_IDENTITY_RES EMM_AUTH_REQ EMM_AUTH_RES RRC_SEC_MODE_CMD EMM_SMC EMM_SMC_CMP RRC_SEC_MODE_CMP SHT4_NEWCTX EMM_ESM_INFO_REQ EMM_ESM_INFO_RES SHT2_CIPHERED EMM_ATTACH_ACCEPT EMM_ATTACH_CMP
924,0,RRC_CONN_REQ RRC_CONN_SETUP RRC_CONN_SETUP_CMP RRC_UL_INFO_NAS EMM_ATTACH_REQ SHT0_PLAIN RRC_DL_INFO_NAS EMM_IDENTITY_REQ EMM_IDENTITY_RES EMM_AUTH_REQ EMM_AUTH_RES RRC_SEC_MODE_CMD EMM_SMC EMM_SMC_CMP RRC_SEC_MODE_CMP SHT4_NEWCTX EMM_ESM_INFO_REQ EMM_ESM_INFO_RES SHT2_CIPHERED EMM_ATTACH_ACCEPT EMM_ATTACH_CMP
2274,0,RRC_CONN_REQ RRC_CONN_SETUP RRC_CONN_SETUP_CMP RRC_UL_INFO_NAS EMM_ATTACH_REQ SHT0_PLAIN RRC_DL_INFO_NAS EMM_IDENTITY_REQ EMM_IDENTITY_RES EMM_AUTH_REQ EMM_AUTH_RES RRC_SEC_MODE_CMD EMM_SMC EMM_SMC_CMP RRC_SEC_MODE_CMP SHT4_NEWCTX EMM_ESM_INFO_REQ EMM_ESM_INFO_RES SHT2_CIPHERED EMM_ATTACH_ACCEPT EMM_ATTACH_CMP
537,0,RRC_CONN_REQ RRC_CONN_SETUP RRC_CONN_SETUP_CMP RRC_UL_INFO_NAS EMM_ATTACH_REQ SHT0_PLAIN RRC_DL_INFO_NAS EMM_IDENTITY_REQ EMM_IDENTITY_RES EMM_AUTH_REQ EMM_AUTH_RES RRC_SEC_MODE_CMD EMM_SMC EMM_SMC_CMP RRC_SEC_MODE_CMP SHT4_NEWCTX EMM_ESM_INFO_REQ EMM_ESM_INFO_RES SHT2_CIPHERED EMM_ATTACH_ACCEPT EMM_ATTACH_CMP
845,0,RRC_CONN_REQ RRC_CONN_SETUP RRC_CONN_SETUP_CMP RRC_UL_INFO_NAS EMM_ATTACH_REQ SHT0_PLAIN RRC_DL_INFO_NAS EMM_IDENTITY_REQ EMM_IDENTITY_RES EMM_AUTH_REQ EMM_AUTH_RES RRC_SEC_MODE_CMD EMM_SMC EMM_SMC_CMP RRC_SEC_MODE_CMP SHT4_NEWCTX EMM_ESM_INFO_REQ EMM_ESM_INFO_RES SHT2_CIPHERED EMM_ATTACH_ACCEPT EMM_ATTACH_CMP
1380,0,RRC_CONN_REQ RRC_CONN_SETUP RRC_CONN_SETUP_CMP RRC_UL_INFO_NAS EMM_ATTACH_REQ SHT0_PLAIN RRC_DL_INFO_NAS EMM_IDENTITY_REQ EMM_IDENTITY_RES EMM_AUTH_REQ EMM_AUTH_RES RRC_SEC_MODE_CMD EMM_SMC EMM_SMC_CMP RRC_SEC_MODE_CMP SHT4_NEWCTX EMM_ESM_INFO_REQ EMM_ESM_INFO_RES SHT2_CIPHERED EMM_ATTACH_ACCEPT EMM_ATTACH_CMP
1704,0,RRC_CONN_REQ RRC_CONN_SETUP RRC_CONN_SETUP_CMP RRC_UL_INFO_NAS EMM_ATTACH_REQ SHT0_PLAIN RRC_DL_INFO_NAS EMM_IDENTITY_REQ EMM_IDENTITY_RES EMM_AUTH_REQ EMM_AUTH_RES RRC_SEC_MODE_CMD EMM_SMC EMM_SMC_CMP RRC_SEC_MODE_CMP SHT4_NEWCTX EMM_ESM_INFO_REQ EMM_ESM_INFO_RES SHT2_CIPHERED EMM_ATTACH_ACCEPT EMM_ATTACH_CMP
1794,0,RRC_CONN_REQ RRC_CONN_SETUP RRC_CONN_SETUP_CMP RRC_UL_INFO_NAS EMM_ATTACH_REQ SHT0_PLAIN RRC_DL_INFO_NAS EMM_IDENTITY_REQ EMM_IDENTITY_RES EMM_AUTH_REQ EMM_AUTH_RES RRC_SEC_MODE_CMD EMM_SMC RRC_SEC_MODE_CMP SHT4_NEWCTX EMM_ESM_INFO_REQ EMM_ESM_INFO_RES SHT2_CIPHERED EMM_ATTACH_ACCEPT EMM_ATTACH_CMP
1667,0,RRC_CONN_REQ RRC_CONN_SETUP RRC_CONN_SETUP_CMP RRC_UL_INFO_NAS EMM_ATTACH_REQ SHT0_PLAIN RRC_DL_INFO_NAS EMM_IDENTITY_REQ EMM_IDENTITY_RES EMM_AUTH_REQ RRC_SEC_MODE_CMD EMM_SMC EMM_SMC_CMP RRC_SEC_MODE_CMP SHT4_NEWCTX EMM_ESM_INFO_REQ EMM_ESM_INFO_RES SHT2_CIPHERED EMM_ATTACH_ACCEPT EMM_ATTACH_CMP
2149,0,RRC_CONN_REQ RRC_CONN_SETUP RRC_CONN_SETUP_CMP RRC_UL_INFO_NAS EMM_ATTACH_REQ SHT0_PLAIN RRC_DL_INFO_NAS EMM_IDENTITY_REQ EMM_IDENTITY_RES EMM_AUTH_REQ EMM_AUTH_RES RRC_SEC_MODE_CMD EMM_SMC EMM_SMC_CMP RRC_SEC_MODE_CMP SHT4_NEWCTX EMM_ESM_INFO_REQ EMM_ESM_INFO_RES SHT2_CIPHERED EMM_ATTACH_ACCEPT EMM_ATTACH_CMP
1765,0,RRC_CONN_REQ RRC_CONN_SETUP RRC_CONN_SETUP_CMP RRC_UL_INFO_NAS EMM_ATTACH_REQ SHT0_PLAIN RRC_DL_INFO_NAS EMM_IDENTITY_REQ EMM_IDENTITY_RES EMM_AUTH_REQ EMM_AUTH_RES RRC_SEC_MODE_CMD EMM_SMC EMM_SMC_CMP RRC_SEC_MODE_CMP SHT4_NEWCTX EMM_ESM_INFO_REQ EMM_ESM_INFO_RES SHT2_CIPHERED EMM_ATTACH_ACCEPT EMM_ATTACH_CMP
1364,0,RRC_CONN_REQ RRC_CONN_SETUP RRC_CONN_SETUP_CMP RRC_UL_INFO_NAS EMM_ATTACH_REQ SHT0_PLAIN RRC_DL_INFO_NAS EMM_IDENTITY_REQ EMM_IDENTITY_RES EMM_AUTH_REQ EMM_AUTH_RES RRC_SEC_MODE_CMD EMM_SMC EMM_SMC_CMP RRC_SEC_MODE_CMP SHT4_NEWCTX EMM_ESM_INFO_REQ EMM_ESM_INFO_RES SHT2_CIPHERED EMM_ATTACH_ACCEPT EMM_ATTACH_CMP
621,0,RRC_CONN_REQ RRC_CONN_SETUP RRC_CONN_SETUP_CMP RRC_UL_INFO_NAS EMM_ATTACH_REQ SHT0_PLAIN RRC_DL_INFO_NAS EMM_IDENTITY_REQ EMM_IDENTITY_RES EMM_AUTH_REQ EMM_AUTH_RES RRC_SEC_MODE_CMD EMM_SMC EMM_SMC_CMP RRC_SEC_MODE_CMP SHT4_NEWCTX EMM_ESM_INFO_REQ EMM_ESM_INFO_RES EMM_ATTACH_ACCEPT EMM_ATTACH_CMP
1101,0,RRC_CONN_REQ RRC_CONN_SETUP RRC_CONN_SETUP_CMP RRC_UL_INFO_NAS EMM_ATTACH_REQ SHT0_PLAIN RRC_DL_INFO_NAS EMM_IDENTITY_REQ EMM_IDENTITY_RES EMM_AUTH_REQ EMM_AUTH_RES RRC_SEC_MODE_CMD EMM_SMC EMM_SMC_CMP RRC_SEC_MODE_CMP SHT4_NEWCTX EMM_ESM_INFO_REQ EMM_ESM_INFO_RES SHT2_CIPHERED EMM_ATTACH_ACCEPT EMM_ATTACH_CMP
1912,0,RRC_CONN_REQ RRC_CONN_SETUP RRC_CONN_SETUP_CMP RRC_UL_INFO_NAS EMM_ATTACH_REQ SHT0_PLAIN RF_TAC_CHANGE RRC_DL_INFO_NAS EMM_IDENTITY_REQ EMM_IDENTITY_RES EMM_AUTH_REQ EMM_AUTH_RES RRC_SEC_MODE_CMD EMM_SMC EMM_SMC_CMP RRC_SEC_MODE_CMP SHT4_NEWCTX EMM_ESM_INFO_REQ EMM_ESM_INFO_RES SHT2_CIPHERED EMM_ATTACH_ACCEPT EMM_ATTACH_CMP
2171,0,RRC_CONN_REQ RRC_CONN_SETUP RRC_CONN_SETUP_CMP RRC_UL_INFO_NAS EMM_ATTACH_REQ SHT0_PLAIN RRC_DL_INFO_NAS EMM_IDENTITY_REQ EMM_IDENTITY_RES EMM_AUTH_REQ EMM_AUTH_RES RRC_SEC_MODE_CMD EMM_SMC EMM_SMC_CMP RRC_SEC_MODE_CMP SHT4_NEWCTX EMM_ESM_INFO_REQ EMM_ESM_INFO_RES SHT2_CIPHERED EMM_ATTACH_ACCEPT EMM_ATTACH_CMP
1166,0,RRC_CONN_REQ RRC_CONN_SETUP RRC_CONN_SETUP_CMP RRC_UL_INFO_NAS EMM_ATTACH_REQ SHT0_PLAIN RRC_DL_INFO_NAS EMM_IDENTITY_REQ EMM_IDENTITY_RES EMM_AUTH_REQ EMM_AUTH_RES RRC_SEC_MODE_CMD EMM_SMC EMM_SMC_CMP RRC_SEC_MODE_CMP SHT4_NEWCTX EMM_ESM_INFO_REQ EMM_ESM_INFO_RES SHT2_CIPHERED EMM_ATTACH_ACCEPT EMM_ATTACH_CMP
2079,0,RRC_CONN_REQ RRC_CONN_SETUP RRC_CONN_SETUP_CMP EMM_ATTACH_REQ SHT0_PLAIN RRC_DL_INFO_NAS EMM_IDENTITY_REQ EMM_IDENTITY_RES EMM_AUTH_REQ EMM_AUTH_RES RRC_SEC_MODE_CMD EMM_SMC EMM_SMC_CMP RRC_SEC_MODE_CMP SHT4_NEWCTX EMM_ESM_INFO_REQ EMM_ESM_INFO_RES SHT2_CIPHERED EMM_ATTACH_ACCEPT EMM_ATTACH_CMP
2191,0,RRC_CONN_REQ RRC_CONN_SETUP RRC_CONN_SETUP_CMP RRC_UL_INFO_NAS EMM_ATTACH_REQ SHT0_PLAIN RRC_DL_INFO_NAS EMM_IDENTITY_REQ EMM_IDENTITY_RES EMM_AUTH_REQ EMM_AUTH_RES RRC_SEC_MODE_CMD EMM_SMC EMM_SMC_CMP RRC_SEC_MODE_CMP SHT4_NEWCTX EMM_ESM_INFO_REQ EMM_ESM_INFO_RES SHT2_CIPHERED EMM_ATTACH_ACCEPT EMM_ATTACH_CMP
1283,0,RRC_CONN_REQ RRC_CONN_SETUP RRC_CONN_SETUP_CMP RRC_UL_INFO_NAS EMM_ATTACH_REQ SHT0_PLAIN RRC_DL_INFO_NAS EMM_IDENTITY_REQ EMM_IDENTITY_RES EMM_AUTH_REQ EMM_AUTH_RES RRC_SEC_MODE_CMD EMM_SMC EMM_SMC_CMP RRC_SEC_MODE_CMP SHT4_NEWCTX EMM_ESM_INFO_REQ EMM_ESM_INFO_RES SHT2_CIPHERED EMM_ATTACH_ACCEPT EMM_ATTACH_CMP
2328,0,RRC_CONN_REQ RRC_CONN_SETUP RRC_CONN_SETUP_CMP RRC_UL_INFO_NAS EMM_ATTACH_REQ SHT0_PLAIN RRC_DL_INFO_NAS EMM_IDENTITY_REQ EMM_IDENTITY_RES EMM_AUTH_REQ EMM_AUTH_RES RRC_SEC_MODE_CMD EMM_SMC EMM_SMC_CMP RRC_SEC_MODE_CMP SHT4_NEWCTX EMM_ESM_INFO_REQ EMM_ESM_INFO_RES SHT2_CIPHERED EMM_ATTACH_ACCEPT EMM_ATTACH_CMP
1106,1,RRC_CONN_REQ RRC_CONN_SETUP RRC_CONN_SETUP_CMP RRC_UL_INFO_NAS EMM_ATTACH_REQ SHT0_PLAIN RRC_DL_INFO_NAS RF_REFPOWER_HIGH RF_TAC_CHANGE EMM_IDENTITY_REQ EMM_IDENTITY_RES RRC_SEC_MODE_CMD EMM_SMC_NULL EMM_SMC_CMP SHT0_PLAIN EMM_ATTACH_ACCEPT EMM_ATTACH_CMP
2332,1,RRC_CONN_REQ RRC_CONN_SETUP RRC_CONN_SETUP_CMP RRC_UL_INFO_NAS EMM_ATTACH_REQ SHT0_PLAIN RRC_DL_INFO_NAS RF_REFPOWER_HIGH EMM_IDENTITY_REQ EMM_IDENTITY_RES RRC_SEC_MODE_CMD EMM_SMC_NULL EMM_SMC_CMP SHT0_PLAIN EMM_ATTACH_ACCEPT
1012,1,RRC_CONN_REQ RRC_CONN_SETUP RRC_CONN_SETUP_CMP RRC_UL_INFO_NAS EMM_ATTACH_REQ SHT0_PLAIN RRC_DL_INFO_NAS RF_REFPOWER_HIGH RF_TAC_CHANGE EMM_IDENTITY_REQ EMM_IDENTITY_RES EMM_IDENTITY_REQ EMM_IDENTITY_RES EMM_SMC EMM_SMC_CMP SHT0_PLAIN EMM_ATTACH_ACCEPT
2238,1,RRC_CONN_REQ RRC_CONN_SETUP RRC_CONN_SETUP_CMP RRC_UL_INFO_NAS EMM_ATTACH_REQ SHT0_PLAIN RRC_DL_INFO_NAS RF_TAC_CHANGE EMM_IDENTITY_REQ EMM_IDENTITY_RES EMM_IDENTITY_REQ EMM_IDENTITY_RES EMM_AUTH_REQ EMM_AUTH_RES RRC_SEC_MODE_CMD EMM_SMC_NULL EMM_SMC_CMP SHT0_PLAIN EMM_ATTACH_ACCEPT EMM_ATTACH_CMP
2319,1,RRC_CONN_REQ RRC_CONN_SETUP RRC_CONN_SETUP_CMP RRC_UL_INFO_NAS EMM_ATTACH_REQ SHT0_PLAIN RRC_DL_INFO_NAS RF_REFPOWER_HIGH RF_TAC_CHANGE EMM_IDENTITY_REQ EMM_IDENTITY_RES EMM_IDENTITY_REQ EMM_IDENTITY_RES EMM_SMC EMM_SMC_CMP SHT0_PLAIN EMM_ATTACH_ACCEPT EMM_ATTACH_CMP EMM_ATTACH_REJECT
1984,1,RRC_CONN_REQ RRC_CONN_SETUP RRC_CONN_SETUP_CMP RRC_UL_INFO_NAS EMM_ATTACH_REQ SHT0_PLAIN RRC_DL_INFO_NAS RF_REFPOWER_HIGH RF_TAC_CHANGE EMM_IDENTITY_REQ EMM_IDENTITY_RES EMM_IDENTITY_REQ EMM_IDENTITY_RES SHT0_PLAIN EMM_ATTACH_ACCEPT EMM_ATTACH_CMP
645,1,RRC_CONN_REQ RRC_CONN_SETUP RRC_CONN_SETUP_CMP RRC_UL_INFO_NAS EMM_ATTACH_REQ SHT0_PLAIN RRC_DL_INFO_NAS EMM_IDENTITY_REQ EMM_IDENTITY_RES EMM_AUTH_REQ EMM_AUTH_RES RRC_SEC_MODE_CMD EMM_SMC EMM_SMC_CMP RRC_SEC_MODE_CMP SHT4_NEWCTX EMM_ESM_INFO_REQ EMM_ESM_INFO_RES SHT2_CIPHERED EMM_ATTACH_ACCEPT EMM_ATTACH_CMP
1917,1,RRC_CONN_REQ RRC_CONN_SETUP RRC_CONN_SETUP_CMP RRC_UL_INFO_NAS EMM_ATTACH_REQ SHT0_PLAIN RRC_DL_INFO_NAS RF_REFPOWER_HIGH RF_TAC_CHANGE EMM_IDENTITY_REQ EMM_IDENTITY_RES EMM_IDENTITY_REQ EMM_IDENTITY_RES SHT0_PLAIN EMM_ATTACH_ACCEPT
616,1,RRC_CONN_REQ RRC_CONN_SETUP RRC_CONN_SETUP_CMP RRC_UL_INFO_NAS EMM_ATTACH_REQ SHT0_PLAIN RRC_DL_INFO_NAS RF_REFPOWER_HIGH RF_TAC_CHANGE EMM_IDENTITY_REQ EMM_IDENTITY_RES EMM_AUTH_REQ EMM_AUTH_RES RRC_SEC_MODE_CMD EMM_SMC_NULL EMM_SMC_CMP SHT0_PLAIN EMM_ATTACH_ACCEPT EMM_ATTACH_CMP
1096,1,RRC_CONN_REQ RRC_CONN_SETUP RRC_CONN_SETUP_CMP RRC_UL_INFO_NAS EMM_ATTACH_REQ SHT0_PLAIN RRC_DL_INFO_NAS RF_REFPOWER_HIGH EMM_IDENTITY_RES RRC_SEC_MODE_CMD EMM_SMC_NULL EMM_SMC_CMP SHT0_PLAIN EMM_ATTACH_ACCEPT EMM_ATTACH_CMP EMM_ATTACH_REJECT
1461,1,RRC_CONN_REQ RRC_CONN_SETUP RRC_CONN_SETUP_CMP RRC_UL_INFO_NAS EMM_ATTACH_REQ SHT0_PLAIN RRC_DL_INFO_NAS RF_REFPOWER_HIGH EMM_IDENTITY_REQ EMM_IDENTITY_RES EMM_IDENTITY_REQ EMM_IDENTITY_RES RRC_SEC_MODE_CMD EMM_SMC_NULL EMM_SMC_CMP SHT2_CIPHERED EMM_ATTACH_ACCEPT
2386,1,RRC_CONN_REQ RRC_CONN_SETUP RRC_CONN_SETUP_CMP RRC_UL_INFO_NAS EMM_ATTACH_REQ SHT0_PLAIN RRC_DL_INFO_NAS RF_REFPOWER_HIGH RF_TAC_CHANGE EMM_IDENTITY_REQ EMM_IDENTITY_RES SHT0_PLAIN EMM_ATTACH_ACCEPT EMM_ATTACH_CMP EMM_ATTACH_REJECT
1435,1,RRC_CONN_REQ RRC_CONN_SETUP RRC_CONN_SETUP_CMP RRC_UL_INFO_NAS EMM_ATTACH_REQ SHT0_PLAIN RRC_DL_INFO_NAS RF_REFPOWER_HIGH RF_TAC_CHANGE EMM_IDENTITY_REQ EMM_IDENTITY_RES EMM_IDENTITY_REQ EMM_IDENTITY_RES EMM_AUTH_REQ EMM_AUTH_RES RRC_SEC_MODE_CMD EMM_SMC_NULL EMM_SMC_CMP SHT0_PLAIN EMM_ATTACH_ACCEPT EMM_ATTACH_CMP
871,1,RRC_CONN_REQ RRC_CONN_SETUP RRC_CONN_SETUP_CMP RRC_UL_INFO_NAS EMM_ATTACH_REQ SHT0_PLAIN RRC_DL_INFO_NAS RF_REFPOWER_HIGH RF_TAC_CHANGE EMM_IDENTITY_REQ EMM_IDENTITY_RES SHT0_PLAIN EMM_ATTACH_ACCEPT
2021,1,RRC_CONN_REQ RRC_CONN_SETUP RRC_CONN_SETUP_CMP RRC_UL_INFO_NAS EMM_ATTACH_REQ SHT0_PLAIN RRC_DL_INFO_NAS RF_REFPOWER_HIGH RF_TAC_CHANGE EMM_IDENTITY_REQ EMM_IDENTITY_RES EMM_IDENTITY_REQ EMM_IDENTITY_RES EMM_SMC EMM_SMC_CMP SHT0_PLAIN EMM_ATTACH_ACCEPT EMM_ATTACH_REJECT
1333,1,RRC_CONN_REQ RRC_CONN_SETUP RRC_CONN_SETUP_CMP RRC_UL_INFO_NAS EMM_ATTACH_REQ SHT0_PLAIN RRC_DL_INFO_NAS RF_REFPOWER_HIGH RF_TAC_CHANGE EMM_IDENTITY_REQ EMM_IDENTITY_RES EMM_IDENTITY_REQ EMM_IDENTITY_RES EMM_SMC EMM_SMC_CMP SHT0_PLAIN EMM_ATTACH_ACCEPT
901,1,RRC_CONN_REQ RRC_CONN_SETUP RRC_CONN_SETUP_CMP RRC_UL_INFO_NAS EMM_ATTACH_REQ RRC_DL_INFO_NAS RF_TAC_CHANGE EMM_IDENTITY_REQ EMM_IDENTITY_RES RRC_SEC_MODE_CMD EMM_SMC_NULL EMM_SMC_CMP SHT0_PLAIN EMM_ATTACH_ACCEPT
2499,1,RRC_CONN_REQ RRC_CONN_SETUP RRC_CONN_SETUP_CMP RRC_UL_INFO_NAS EMM_ATTACH_REQ SHT0_PLAIN RRC_DL_INFO_NAS RF_REFPOWER_HIGH RF_TAC_CHANGE EMM_IDENTITY_REQ EMM_IDENTITY_RES EMM_IDENTITY_REQ EMM_IDENTITY_RES EMM_SMC EMM_SMC_CMP SHT0_PLAIN EMM_ATTACH_ACCEPT
2147,1,RRC_CONN_REQ RRC_CONN_SETUP RRC_CONN_SETUP_CMP RRC_UL_INFO_NAS EMM_ATTACH_REQ SHT0_PLAIN RRC_DL_INFO_NAS RF_REFPOWER_HIGH RF_TAC_CHANGE EMM_IDENTITY_REQ EMM_IDENTITY_RES EMM_IDENTITY_REQ EMM_IDENTITY_RES EMM_SMC EMM_SMC_CMP SHT0_PLAIN EMM_ATTACH_ACCEPT EMM_ATTACH_CMP
2462,1,RRC_CONN_REQ RRC_CONN_SETUP RRC_CONN_SETUP_CMP RRC_UL_INFO_NAS EMM_ATTACH_REQ SHT0_PLAIN RRC_DL_INFO_NAS RF_REFPOWER_HIGH EMM_IDENTITY_REQ EMM_IDENTITY_RES EMM_IDENTITY_REQ EMM_IDENTITY_RES EMM_SMC EMM_SMC_CMP SHT0_PLAIN EMM_ATTACH_ACCEPT EMM_ATTACH_CMP
2382,1,RRC_CONN_REQ RRC_CONN_SETUP RRC_CONN_SETUP_CMP RRC_UL_INFO_NAS EMM_ATTACH_REQ SHT0_PLAIN RRC_DL_INFO_NAS EMM_IDENTITY_REQ EMM_IDENTITY_RES EMM_AUTH_REQ EMM_AUTH_RES RF_TAC_CHANGE RRC_SEC_MODE_CMD EMM_SMC EMM_SMC_CMP RRC_SEC_MODE_CMP SHT4_NEWCTX EMM_ESM_INFO_REQ EMM_ESM_INFO_RES SHT2_CIPHERED EMM_ATTACH_ACCEPT EMM_ATTACH_CMP
1059,1,RRC_CONN_REQ RRC_CONN_SETUP RRC_CONN_SETUP_CMP RRC_UL_INFO_NAS EMM_ATTACH_REQ SHT0_PLAIN RRC_DL_INFO_NAS RF_REFPOWER_HIGH EMM_IDENTITY_REQ EMM_IDENTITY_RES EMM_SMC EMM_SMC_CMP SHT0_PLAIN EMM_ATTACH_ACCEPT EMM_ATTACH_REJECT
1335,1,RRC_CONN_REQ RRC_CONN_SETUP RRC_CONN_SETUP_CMP RRC_UL_INFO_NAS EMM_ATTACH_REQ SHT0_PLAIN RRC_DL_INFO_NAS RF_REFPOWER_HIGH RF_TAC_CHANGE EMM_IDENTITY_REQ EMM_IDENTITY_RES EMM_IDENTITY_REQ EMM_IDENTITY_RES RRC_SEC_MODE_CMD EMM_SMC_NULL EMM_SMC_CMP SHT2_CIPHERED EMM_ATTACH_ACCEPT EMM_ATTACH_CMP EMM_ATTACH_REJECT
1354,1,RRC_CONN_REQ RRC_CONN_SETUP RRC_CONN_SETUP_CMP RRC_UL_INFO_NAS EMM_ATTACH_REQ SHT0_PLAIN RRC_DL_INFO_NAS RF_TAC_CHANGE EMM_IDENTITY_REQ EMM_IDENTITY_RES EMM_IDENTITY_REQ EMM_IDENTITY_RES RRC_SEC_MODE_CMD EMM_SMC_NULL EMM_SMC_CMP SHT0_PLAIN EMM_ATTACH_ACCEPT EMM_ATTACH_CMP
514,1,RRC_CONN_REQ RRC_CONN_SETUP RRC_CONN_SETUP_CMP RRC_UL_INFO_NAS EMM_ATTACH_REQ SHT0_PLAIN RRC_DL_INFO_NAS EMM_IDENTITY_REQ EMM_IDENTITY_RES EMM_AUTH_REQ EMM_AUTH_RES RRC_SEC_MODE_CMD EMM_SMC EMM_SMC_CMP RRC_SEC_MODE_CMP SHT4_NEWCTX EMM_ESM_INFO_REQ EMM_ESM_INFO_RES SHT2_CIPHERED EMM_ATTACH_ACCEPT EMM_ATTACH_CMP
529,1,RRC_CONN_REQ RRC_CONN_SETUP RRC_CONN_SETUP_CMP RRC_UL_INFO_NAS EMM_ATTACH_REQ SHT0_PLAIN RRC_DL_INFO_NAS RF_REFPOWER_HIGH RF_TAC_CHANGE EMM_IDENTITY_REQ EMM_IDENTITY_RES EMM_AUTH_REQ EMM_AUTH_RES EMM_SMC EMM_SMC_CMP SHT0_PLAIN EMM_ATTACH_ACCEPT EMM_ATTACH_CMP
2426,1,RRC_CONN_REQ RRC_CONN_SETUP RRC_CONN_SETUP_CMP RRC_UL_INFO_NAS EMM_ATTACH_REQ SHT0_PLAIN RRC_DL_INFO_NAS RF_REFPOWER_HIGH RF_TAC_CHANGE EMM_IDENTITY_REQ EMM_IDENTITY_RES RRC_SEC_MODE_CMD EMM_SMC_NULL EMM_SMC_CMP SHT0_PLAIN EMM_ATTACH_ACCEPT EMM_ATTACH_CMP
1403,1,RRC_CONN_REQ RRC_CONN_SETUP RRC_CONN_SETUP_CMP RRC_UL_INFO_NAS EMM_ATTACH_REQ SHT0_PLAIN RRC_DL_INFO_NAS RF_REFPOWER_HIGH EMM_IDENTITY_REQ EMM_IDENTITY_RES EMM_IDENTITY_REQ EMM_IDENTITY_RES RRC_SEC_MODE_CMD EMM_SMC_NULL EMM_SMC_CMP SHT0_PLAIN EMM_ATTACH_ACCEPT EMM_ATTACH_CMP EMM_ATTACH_REJECT
1185,1,RRC_CONN_REQ RRC_CONN_SETUP RRC_CONN_SETUP_CMP RRC_UL_INFO_NAS EMM_ATTACH_REQ SHT0_PLAIN RRC_DL_INFO_NAS EMM_IDENTITY_REQ EMM_IDENTITY_RES EMM_AUTH_REQ EMM_AUTH_RES RRC_SEC_MODE_CMD EMM_SMC EMM_SMC_CMP RRC_SEC_MODE_CMP SHT4_NEWCTX EMM_ESM_INFO_REQ EMM_ESM_INFO_RES SHT2_CIPHERED EMM_ATTACH_ACCEPT EMM_ATTACH_CMP
1626,1,RRC_CONN_REQ RRC_CONN_SETUP RRC_CONN_SETUP_CMP RRC_UL_INFO_NAS EMM_ATTACH_REQ SHT0_PLAIN RRC_DL_INFO_NAS RF_REFPOWER_HIGH RF_TAC_CHANGE EMM_IDENTITY_REQ EMM_IDENTITY_RES EMM_IDENTITY_REQ EMM_IDENTITY_RES EMM_AUTH_REQ EMM_AUTH_RES RRC_SEC_MODE_CMD EMM_SMC_NULL EMM_SMC_CMP SHT0_PLAIN EMM_ATTACH_ACCEPT
1803,1,RRC_CONN_REQ RRC_CONN_SETUP RRC_CONN_SETUP_CMP RRC_UL_INFO_NAS EMM_ATTACH_REQ SHT0_PLAIN RRC_DL_INFO_NAS RF_REFPOWER_HIGH RF_TAC_CHANGE EMM_IDENTITY_REQ EMM_IDENTITY_RES EMM_IDENTITY_REQ EMM_IDENTITY_RES RRC_SEC_MODE_CMD EMM_SMC_NULL EMM_SMC_CMP SHT0_PLAIN EMM_ATTACH_ACCEPT EMM_ATTACH_CMP
2018,1,RRC_CONN_REQ RRC_CONN_SETUP RRC_CONN_SETUP_CMP RRC_UL_INFO_NAS EMM_ATTACH_REQ SHT0_PLAIN RRC_DL_INFO_NAS RF_REFPOWER_HIGH EMM_IDENTITY_REQ EMM_IDENTITY_RES EMM_IDENTITY_REQ EMM_IDENTITY_RES SHT0_PLAIN EMM_ATTACH_ACCEPT EMM_ATTACH_CMP
2069,1,RRC_CONN_REQ RRC_CONN_SETUP RRC_CONN_SETUP_CMP RRC_UL_INFO_NAS EMM_ATTACH_REQ SHT0_PLAIN RRC_DL_INFO_NAS EMM_IDENTITY_REQ EMM_IDENTITY_RES EMM_AUTH_REQ EMM_AUTH_RES RRC_SEC_MODE_CMD EMM_SMC_NULL EMM_SMC_CMP SHT0_PLAIN EMM_ATTACH_ACCEPT EMM_ATTACH_CMP
1825,1,RRC_CONN_REQ RRC_CONN_SETUP RRC_CONN_SETUP_CMP RRC_UL_INFO_NAS EMM_ATTACH_REQ SHT0_PLAIN RRC_DL_INFO_NAS RF_REFPOWER_HIGH RF_TAC_CHANGE EMM_IDENTITY_REQ EMM_IDENTITY_RES EMM_IDENTITY_REQ EMM_SMC EMM_SMC_CMP SHT0_PLAIN EMM_ATTACH_ACCEPT
1740,1,RRC_CONN_REQ RRC_CONN_SETUP RRC_CONN_SETUP_CMP RRC_UL_INFO_NAS EMM_ATTACH_REQ SHT0_PLAIN RRC_DL_INFO_NAS RF_REFPOWER_HIGH EMM_IDENTITY_REQ EMM_IDENTITY_RES EMM_IDENTITY_REQ EMM_IDENTITY_RES RRC_SEC_MODE_CMD EMM_SMC_NULL EMM_SMC_CMP SHT0_PLAIN EMM_ATTACH_ACCEPT
2227,1,RRC_CONN_REQ RRC_CONN_SETUP RRC_CONN_SETUP_CMP RRC_UL_INFO_NAS EMM_ATTACH_REQ SHT0_PLAIN RRC_DL_INFO_NAS RF_REFPOWER_HIGH RF_TAC_CHANGE EMM_IDENTITY_REQ EMM_IDENTITY_RES SHT0_PLAIN EMM_ATTACH_ACCEPT
954,1,RRC_CONN_REQ RRC_CONN_SETUP RRC_CONN_SETUP_CMP RRC_UL_INFO_NAS EMM_ATTACH_REQ SHT0_PLAIN RRC_DL_INFO_NAS RF_REFPOWER_HIGH RF_TAC_CHANGE EMM_IDENTITY_REQ EMM_IDENTITY_RES EMM_IDENTITY_REQ EMM_IDENTITY_RES SHT0_PLAIN EMM_ATTACH_ACCEPT
1619,1,RRC_CONN_REQ RRC_CONN_SETUP RRC_CONN_SETUP_CMP RRC_UL_INFO_NAS EMM_ATTACH_REQ SHT0_PLAIN RRC_DL_INFO_NAS RF_TAC_CHANGE EMM_IDENTITY_REQ EMM_AUTH_REQ EMM_AUTH_RES RRC_SEC_MODE_CMD EMM_SMC_NULL EMM_SMC_CMP SHT0_PLAIN EMM_ATTACH_ACCEPT
2010,1,RRC_CONN_REQ RRC_CONN_SETUP RRC_CONN_SETUP_CMP RRC_UL_INFO_NAS EMM_ATTACH_REQ SHT0_PLAIN RRC_DL_INFO_NAS RF_REFPOWER_HIGH RF_TAC_CHANGE EMM_IDENTITY_REQ EMM_IDENTITY_RES RRC_SEC_MODE_CMD EMM_SMC_NULL EMM_SMC_CMP SHT0_PLAIN EMM_ATTACH_ACCEPT
1075,1,RRC_CONN_REQ RRC_CONN_SETUP RRC_CONN_SETUP_CMP RRC_UL_INFO_NAS EMM_ATTACH_REQ SHT0_PLAIN RRC_DL_INFO_NAS RF_REFPOWER_HIGH RF_TAC_CHANGE EMM_IDENTITY_REQ EMM_IDENTITY_RES RRC_SEC_MODE_CMD EMM_SMC_NULL EMM_SMC_CMP SHT0_PLAIN EMM_ATTACH_ACCEPT EMM_ATTACH_CMP EMM_ATTACH_REJECT
1715,1,RRC_CONN_REQ RRC_CONN_SETUP RRC_CONN_SETUP_CMP RRC_UL_INFO_NAS EMM_ATTACH_REQ SHT0_PLAIN RRC_DL_INFO_NAS RF_REFPOWER_HIGH EMM_IDENTITY_REQ EMM_IDENTITY_RES EMM_IDENTITY_REQ EMM_IDENTITY_RES EMM_AUTH_REQ EMM_AUTH_RES RRC_SEC_MODE_CMD EMM_SMC_NULL EMM_SMC_CMP SHT0_PLAIN EMM_ATTACH_ACCEPT EMM_ATTACH_CMP EMM_ATTACH_REJECT
1346,1,RRC_CONN_REQ RRC_CONN_SETUP RRC_CONN_SETUP_CMP RRC_UL_INFO_NAS EMM_ATTACH_REQ SHT0_PLAIN RRC_DL_INFO_NAS RF_REFPOWER_HIGH RF_TAC_CHANGE EMM_IDENTITY_REQ EMM_IDENTITY_RES EMM_IDENTITY_REQ EMM_IDENTITY_RES EMM_AUTH_REQ EMM_AUTH_RES RRC_SEC_MODE_CMD EMM_SMC_NULL EMM_SMC_CMP SHT0_PLAIN EMM_ATTACH_ACCEPT EMM_ATTACH_CMP
1780,1,RRC_CONN_REQ RRC_CONN_SETUP RRC_CONN_SETUP_CMP RRC_UL_INFO_NAS EMM_ATTACH_REQ SHT0_PLAIN RRC_DL_INFO_NAS RF_REFPOWER_HIGH EMM_IDENTITY_REQ EMM_IDENTITY_RES EMM_IDENTITY_REQ EMM_IDENTITY_RES RRC_SEC_MODE_CMD EMM_SMC_NULL EMM_SMC_CMP SHT0_PLAIN EMM_ATTACH_ACCEPT
2311,1,RRC_CONN_REQ RRC_CONN_SETUP RRC_CONN_SETUP_CMP RRC_UL_INFO_NAS EMM_ATTACH_REQ SHT0_PLAIN RRC_DL_INFO_NAS RF_REFPOWER_HIGH RF_TAC_CHANGE EMM_IDENTITY_REQ EMM_IDENTITY_RES RRC_SEC_MODE_CMD EMM_SMC_NULL EMM_SMC_CMP SHT2_CIPHERED EMM_ATTACH_ACCEPT
1919,1,RRC_CONN_REQ RRC_CONN_SETUP RRC_CONN_SETUP_CMP RRC_UL_INFO_NAS EMM_ATTACH_REQ SHT0_PLAIN RRC_DL_INFO_NAS RF_REFPOWER_HIGH RF_TAC_CHANGE EMM_IDENTITY_REQ EMM_IDENTITY_RES EMM_AUTH_REQ EMM_AUTH_RES RRC_SEC_MODE_CMD EMM_SMC_NULL EMM_SMC_CMP SHT2_CIPHERED EMM_ATTACH_ACCEPT
2195,1,RRC_CONN_REQ RRC_CONN_SETUP RRC_CONN_SETUP_CMP RRC_UL_INFO_NAS EMM_ATTACH_REQ SHT0_PLAIN RRC_DL_INFO_NAS RF_REFPOWER_HIGH RF_TAC_CHANGE EMM_IDENTITY_REQ EMM_IDENTITY_RES EMM_IDENTITY_REQ EMM_IDENTITY_RES SHT2_CIPHERED EMM_ATTACH_ACCEPT
1733,1,RRC_CONN_REQ RRC_CONN_SETUP RRC_CONN_SETUP_CMP RRC_UL_INFO_NAS EMM_ATTACH_REQ SHT0_PLAIN RRC_DL_INFO_NAS RF_REFPOWER_HIGH RF_TAC_CHANGE EMM_IDENTITY_REQ EMM_IDENTITY_RES EMM_IDENTITY_REQ EMM_IDENTITY_RES SHT0_PLAIN EMM_ATTACH_ACCEPT
732,1,RRC_CONN_REQ RRC_CONN_SETUP RRC_CONN_SETUP_CMP RRC_UL_INFO_NAS EMM_ATTACH_REQ SHT0_PLAIN RRC_DL_INFO_NAS RF_REFPOWER_HIGH EMM_IDENTITY_REQ EMM_IDENTITY_RES EMM_AUTH_REQ EMM_AUTH_RES SHT2_CIPHERED EMM_ATTACH_ACCEPT
2451,1,RRC_CONN_REQ RRC_CONN_SETUP RRC_CONN_SETUP_CMP RRC_UL_INFO_NAS EMM_ATTACH_REQ SHT0_PLAIN RRC_DL_INFO_NAS RF_REFPOWER_HIGH RF_TAC_CHANGE EMM_IDENTITY_REQ EMM_IDENTITY_RES RRC_SEC_MODE_CMD EMM_SMC_NULL EMM_SMC_CMP SHT0_PLAIN EMM_ATTACH_ACCEPT EMM_ATTACH_CMP
1288,1,RRC_CONN_REQ RRC_CONN_SETUP RRC_CONN_SETUP_CMP RRC_UL_INFO_NAS EMM_ATTACH_REQ SHT0_PLAIN RRC_DL_INFO_NAS RF_REFPOWER_HIGH RF_TAC_CHANGE EMM_IDENTITY_REQ SHT2_CIPHERED EMM_ATTACH_ACCEPT EMM_ATTACH_REJECT
1459,1,RRC_CONN_REQ RRC_CONN_SETUP RRC_CONN_SETUP_CMP RRC_UL_INFO_NAS EMM_ATTACH_REQ SHT0_PLAIN RRC_DL_INFO_NAS RF_REFPOWER_HIGH EMM_IDENTITY_REQ EMM_IDENTITY_RES RRC_SEC_MODE_CMD EMM_SMC_NULL EMM_SMC_CMP SHT2_CIPHERED EMM_ATTACH_ACCEPT
780,1,RRC_CONN_REQ RRC_CONN_SETUP RRC_CONN_SETUP_CMP RRC_UL_INFO_NAS EMM_ATTACH_REQ SHT0_PLAIN RRC_DL_INFO_NAS RF_REFPOWER_HIGH RF_TAC_CHANGE EMM_IDENTITY_REQ EMM_IDENTITY_RES EMM_AUTH_REQ EMM_AUTH_RES RRC_SEC_MODE_CMD EMM_SMC_NULL EMM_SMC_CMP SHT2_CIPHERED EMM_ATTACH_ACCEPT EMM_ATTACH_CMP
1037,1,RRC_CONN_REQ RRC_CONN_SETUP RRC_CONN_SETUP_CMP RRC_UL_INFO_NAS EMM_ATTACH_REQ SHT0_PLAIN RRC_DL_INFO_NAS RF_REFPOWER_HIGH RF_TAC_CHANGE EMM_IDENTITY_REQ EMM_IDENTITY_RES EMM_IDENTITY_REQ EMM_IDENTITY_RES EMM_AUTH_REQ EMM_AUTH_RES RRC_SEC_MODE_CMD EMM_SMC_NULL EMM_SMC_CMP SHT0_PLAIN EMM_ATTACH_ACCEPT EMM_ATTACH_CMP
1856,1,RRC_CONN_REQ RRC_CONN_SETUP RRC_CONN_SETUP_CMP RRC_UL_INFO_NAS EMM_ATTACH_REQ SHT0_PLAIN RRC_DL_INFO_NAS RF_TAC_CHANGE EMM_IDENTITY_REQ EMM_IDENTITY_RES EMM_AUTH_REQ EMM_AUTH_RES RRC_SEC_MODE_CMD EMM_SMC_NULL EMM_SMC_CMP SHT0_PLAIN EMM_ATTACH_ACCEPT EMM_ATTACH_CMP EMM_ATTACH_REJECT
1146,1,RRC_CONN_REQ RRC_CONN_SETUP RRC_CONN_SETUP_CMP RRC_UL_INFO_NAS EMM_ATTACH_REQ SHT0_PLAIN RRC_DL_INFO_NAS RF_REFPOWER_HIGH RF_TAC_CHANGE EMM_IDENTITY_REQ EMM_IDENTITY_RES EMM_IDENTITY_REQ EMM_IDENTITY_RES RRC_SEC_MODE_CMD EMM_SMC_NULL EMM_SMC_CMP SHT2_CIPHERED EMM_ATTACH_ACCEPT
2464,1,RRC_CONN_REQ RRC_CONN_SETUP RRC_CONN_SETUP_CMP RRC_UL_INFO_NAS EMM_ATTACH_REQ SHT0_PLAIN RRC_DL_INFO_NAS RF_REFPOWER_HIGH RF_TAC_CHANGE EMM_IDENTITY_REQ EMM_IDENTITY_RES EMM_SMC EMM_SMC_CMP SHT0_PLAIN EMM_ATTACH_ACCEPT EMM_ATTACH_CMP
2120,1,RRC_CONN_REQ RRC_CONN_SETUP RRC_CONN_SETUP_CMP RRC_UL_INFO_NAS EMM_ATTACH_REQ SHT0_PLAIN RRC_DL_INFO_NAS RF_REFPOWER_HIGH RF_TAC_CHANGE EMM_IDENTITY_REQ EMM_IDENTITY_RES RRC_SEC_MODE_CMD EMM_SMC_NULL EMM_SMC_CMP SHT0_PLAIN EMM_ATTACH_ACCEPT EMM_ATTACH_CMP
823,1,RRC_CONN_REQ RRC_CONN_SETUP RRC_CONN_SETUP_CMP RRC_UL_INFO_NAS EMM_ATTACH_REQ SHT0_PLAIN RRC_DL_INFO_NAS RF_REFPOWER_HIGH EMM_IDENTITY_REQ EMM_IDENTITY_RES EMM_IDENTITY_REQ EMM_IDENTITY_RES SHT0_PLAIN EMM_ATTACH_ACCEPT EMM_ATTACH_CMP
1747,1,RRC_CONN_REQ RRC_CONN_SETUP RRC_CONN_SETUP_CMP RRC_UL_INFO_NAS EMM_ATTACH_REQ SHT0_PLAIN RRC_DL_INFO_NAS RF_REFPOWER_HIGH EMM_IDENTITY_REQ EMM_IDENTITY_RES EMM_AUTH_REQ EMM_AUTH_RES EMM_SMC SHT0_PLAIN EMM_ATTACH_ACCEPT EMM_ATTACH_REJECT
1625,1,RRC_CONN_REQ RRC_CONN_SETUP RRC_CONN_SETUP_CMP RRC_UL_INFO_NAS EMM_ATTACH_REQ SHT0_PLAIN RRC_DL_INFO_NAS RF_REFPOWER_HIGH RF_TAC_CHANGE EMM_IDENTITY_REQ EMM_IDENTITY_RES EMM_AUTH_REQ EMM_AUTH_RES RRC_SEC_MODE_CMD EMM_SMC_NULL EMM_SMC_CMP SHT2_CIPHERED EMM_ATTACH_ACCEPT
1232,1,RRC_CONN_REQ RRC_CONN_SETUP RRC_CONN_SETUP_CMP RRC_UL_INFO_NAS EMM_ATTACH_REQ SHT0_PLAIN RRC_DL_INFO_NAS RF_REFPOWER_HIGH RF_TAC_CHANGE EMM_IDENTITY_REQ EMM_IDENTITY_RES SHT0_PLAIN EMM_ATTACH_ACCEPT EMM_ATTACH_CMP
1966,1,RRC_CONN_REQ RRC_CONN_SETUP RRC_CONN_SETUP_CMP RRC_UL_INFO_NAS EMM_ATTACH_REQ SHT0_PLAIN RRC_DL_INFO_NAS RF_REFPOWER_HIGH RF_TAC_CHANGE EMM_IDENTITY_REQ EMM_IDENTITY_RES RRC_SEC_MODE_CMD EMM_SMC_NULL EMM_SMC_CMP SHT2_CIPHERED EMM_ATTACH_ACCEPT
861,1,RRC_CONN_REQ RRC_CONN_SETUP RRC_CONN_SETUP_CMP RRC_UL_INFO_NAS EMM_ATTACH_REQ SHT0_PLAIN RRC_DL_INFO_NAS RF_REFPOWER_HIGH RF_TAC_CHANGE EMM_IDENTITY_REQ EMM_IDENTITY_RES EMM_IDENTITY_REQ EMM_IDENTITY_RES EMM_SMC EMM_SMC_CMP SHT0_PLAIN EMM_ATTACH_ACCEPT EMM_ATTACH_CMP
1026,1,RRC_CONN_REQ RRC_CONN_SETUP RRC_CONN_SETUP_CMP RRC_UL_INFO_NAS EMM_ATTACH_REQ SHT0_PLAIN RRC_DL_INFO_NAS RF_TAC_CHANGE EMM_IDENTITY_REQ EMM_IDENTITY_RES EMM_IDENTITY_REQ EMM_IDENTITY_RES EMM_AUTH_REQ EMM_AUTH_RES RRC_SEC_MODE_CMD EMM_SMC_NULL EMM_SMC_CMP SHT0_PLAIN EMM_ATTACH_ACCEPT EMM_ATTACH_REJECT
1699,1,RRC_CONN_REQ RRC_CONN_SETUP RRC_CONN_SETUP_CMP RRC_UL_INFO_NAS EMM_ATTACH_REQ SHT0_PLAIN RRC_DL_INFO_NAS RF_REFPOWER_HIGH RF_TAC_CHANGE EMM_IDENTITY_REQ EMM_IDENTITY_RES SHT0_PLAIN EMM_ATTACH_ACCEPT
530,1,RRC_CONN_REQ RRC_CONN_SETUP RRC_CONN_SETUP_CMP RRC_UL_INFO_NAS EMM_ATTACH_REQ SHT0_PLAIN RRC_DL_INFO_NAS RF_REFPOWER_HIGH EMM_IDENTITY_REQ EMM_IDENTITY_RES EMM_AUTH_REQ EMM_AUTH_RES RRC_SEC_MODE_CMD EMM_SMC_NULL EMM_SMC_CMP SHT2_CIPHERED EMM_ATTACH_ACCEPT EMM_ATTACH_CMP
511,1,RRC_CONN_REQ RRC_CONN_SETUP RRC_CONN_SETUP_CMP RRC_UL_INFO_NAS EMM_ATTACH_REQ SHT0_PLAIN RRC_DL_INFO_NAS RF_REFPOWER_HIGH RF_TAC_CHANGE EMM_IDENTITY_REQ EMM_IDENTITY_RES EMM_AUTH_REQ EMM_AUTH_RES RRC_SEC_MODE_CMD EMM_SMC_NULL EMM_SMC_CMP SHT0_PLAIN EMM_ATTACH_ACCEPT EMM_ATTACH_CMP
